pdb_id,chain_code,seq,sst8,sst3,len,has_nonstd_aa
1A92,A,GREDILEQWVSGRKKLEELERDLRKLKKKIKKLEEDNPWLGNIKGIIGKY,CHHHHHHHHHHHHHHHHHHHHHHHHHHHHHHHHHHHCTTHHHHHHHHTTC,CHHHHHHHHHHHHHHHHHHHHHHHHHHHHHHHHHHHCCCHHHHHHHHCCC,50,False
1A92,B,GREDILEQWVSGRKKLEELERDLRKLKKKIKKLEEDNPWLGNIKGIIGKY,CHHHHHHHHHHHHHHHHHHHHHHHHHHHHHHHHHHHCTTHHHHHHHHTTC,CHHHHHHHHHHHHHHHHHHHHHHHHHHHHHHHHHHHCCCHHHHHHHHCCC,50,False
1A92,C,GREDILEQWVSGRKKLEELERDLRKLKKKIKKLEEDNPWLGNIKGIIGKY,CHHHHHHHHHHHHHHHHHHHHHHHHHHHHHHHHHHHCTTHHHHHHHHTCC,CHHHHHHHHHHHHHHHHHHHHHHHHHHHHHHHHHHHCCCHHHHHHHHCCC,50,False
1A92,D,GREDILEQWVSGRKKLEELERDLRKLKKKIKKLEEDNPWLGNIKGIIGKY,CHHHHHHHHHHHHHHHHHHHHHHHHHHHHHHHHHHHCTTHHHHHHHTTCC,CHHHHHHHHHHHHHHHHHHHHHHHHHHHHHHHHHHHCCCHHHHHHHCCCC,50,False
1BK8,A,LCNERPSQTWSGNCGNTAHCDKQCQDWEKASHGACHKRENHWKCFCYFNC,CCEEECCSSSCSCCCCHHHHHHHHHTSSCCSEEEEEEETTEEEEEEEECC,CCEEECCCCCCCCCCCHHHHHHHHHCCCCCCEEEEEEECCEEEEEEEECC,50,False
1E79,I,VAYWRQAGLSYIRYSQICAKAVRDALKTEFKANAMKTSGSTIKIVKVKKE,CCSSTTTTCCHHHHHHHHHHHHHHTSCTTTSSTTTTSSCCCCEEECCCCC,CCCCCCCCCCHHHHHHHHHHHHHHCCCCCCCCCCCCCCCCCCEEECCCCC,50,False
1E8R,A,MGNQQCNWYGTLYPLCVTTTNGWGWEDQRSCIARSTCAAQPAPFGIVGSG,CCCCEEEETTEEEEBCSTTCSSEEEETTEEEECHHHHTTSCTTSBCCCCC,CCCCEEEECCEEEEECCCCCCCEEEECCEEEECHHHHCCCCCCCECCCCC,50,False
1FDM,A,AEGDDPAKAAFDSLQASATEYIGYAWAMVVVIVGATIGIKLFKKFTSKAS,CCSSCTTHHHHHHHHHSSSSSCTTTTTHHHHHHHHHHHHHHHHTTTTTTC,CCCCCCCHHHHHHHHHCCCCCCCCCCCHHHHHHHHHHHHHHHHCCCCCCC,50,False
1H8E,I,VAYWRQAGLSYIRYSQICAKAVRDALKTEFKANAMKTSGSTIKIVKVKKE,CCSSTTTTCCHHHHHHHHHHHHHHCCCCCCCCCCCCCCCCCCEECCCCCC,CCCCCCCCCCHHHHHHHHHHHHHHCCCCCCCCCCCCCCCCCCEECCCCCC,50,False
1I5H,W,GSPVDSNDLGPLPPGWEERTHTDGRVFFINHNIKKTQWEDPRMQNVAITG,CCCCSSSCCSSCSTTEEEEECTTSCEEEEETTTTEEESSCTTTSCCCCCC,CCCCCCCCCCCCCCCEEEEECCCCCEEEEECCCCEEECCCCCCCCCCCCC,50,False
1IFD,A,AEGDDPAKAAFDSLQASATEYIGYAWAMVVVIVGATIGIKLFKKFTSKAS,CTTHHHHHHHHHHHHHHHHHHHHHHHHHHHHHHHHHHHHHHHHHHHHHHC,CCCHHHHHHHHHHHHHHHHHHHHHHHHHHHHHHHHHHHHHHHHHHHHHHC,50,False
1IFI,A,AEGDDPAKAAFDSLQASATEYIGYAWAMVVVIVGATIGIKLFKKFTSKAS,CTTHHHHHHHHHHHHHHHHHHHHHHHHHHHHHHHHHHHHHHHHHHHHHHC,CCCHHHHHHHHHHHHHHHHHHHHHHHHHHHHHHHHHHHHHHHHHHHHHHC,50,False
1IFJ,A,AEGDDPAKAAFDSLQASATEYIGYAWAMVVVIVGATIGIKLFKKFTSKAS,CTTHHHHHHHHHHHHHHHHHHHHHHHHHHHHHHHHHHHHHHHHHHHHHHC,CCCHHHHHHHHHHHHHHHHHHHHHHHHHHHHHHHHHHHHHHHHHHHHHHC,50,False
1IOX,A,RKGHFSRCPKQYKHYCIKGRCRFVVAEQTPSCVCDEGYIGARCERVDLFY,CCCCCEECCGGGTTSCTTCCEEEETTTTEEEECCCTTEETTTTCEECCCC,CCCCCEECCHHHCCCCCCCCEEEECCCCEEEECCCCCEECCCCCEECCCC,50,False
1IP0,A,RKGHFSRCPKQYKHYCIKGRCRFVVAEQTPSCVCDEGYIGARCERVDLFY,CCCCSEECCGGGCCSCSSEEEEEETTTTEEEEEECTTEETTTTCEESCCC,CCCCCEECCHHHCCCCCCEEEEEECCCCEEEEEECCCEECCCCCEECCCC,50,False
1JJS,A,GAHMALQDLLRTLKSPSSPQQQQQVLNILKSNPQLMAAFIKQRTAKYVAN,CCCCCHHHHHHHHSSSSCCCCCCCCHHHHTTCSSHHHHTGGGTSSSCCCC,CCCCCHHHHHHHHCCCCCCCCCCCCHHHHCCCCCHHHHCHHHCCCCCCCC,50,False
1KRL,B,GEWEIIDIGPFTQNLGKFAVDEENKIGQYGRLTFNKVIRPCMKKTIYEEN,CCEEEECCSHHHHHHHHHHHHHHHHHCTTCSCCEEEEEEEEEEEEECCCC,CCEEEECCCHHHHHHHHHHHHHHHHHCCCCCCCEEEEEEEEEEEEECCCC,50,False
1KRL,D,GEWEIIDIGPFTQNLGKFAVDEENKIGQYGRLTFNKVIRPCMKKTIYEEN,CCEEEECCSHHHHHHHHHHHHHHHHHCTTCSCCEEEEEEEEEEEEEECCC,CCEEEECCCHHHHHHHHHHHHHHHHHCCCCCCCEEEEEEEEEEEEEECCC,50,False
1MOX,C,VVSHFNDCPDSHTQFCFHGTCRFLVQEDKPACVCHSGYVGARCEHADLLA,CCCSEECCCCCSSCSSTTEEEEEETTTTEEEEEECTTEESTTSCEECSCC,CCCCEECCCCCCCCCCCCEEEEEECCCCEEEEEECCCEECCCCCEECCCC,50,False
1MOX,D,VVSHFNDCPDSHTQFCFHGTCRFLVQEDKPACVCHSGYVGARCEHADLLA,CCCCBCCCSCCSSCSCSSEEEEEBTTTCSEEEEECTTEESTTSCEECCCC,CCCCECCCCCCCCCCCCCEEEEEECCCCCEEEEECCCEECCCCCEECCCC,50,False
1MQS,B,GAMAGMNIKDRTSEFQQSVLSYKKRNKNFREQQRERLQEKESENFANNTT,CCSCHHHHHBCHHHHHHHHHHHHHHCCCCCCCCCCCCCCCCCCCCCCCCC,CCCCHHHHHECHHHHHHHHHHHHHHCCCCCCCCCCCCCCCCCCCCCCCCC,50,False
1MZT,A,AEGDDPAKAAFDSLQASATEYIGYAWAMVVVIVGATIGIKLFKKFTSKAS,CCCCCCCHHHHHHHHHHHSSHHHHHHHHHHHHHHHHHHHHHHHHCCCCCC,CCCCCCCHHHHHHHHHHHCCHHHHHHHHHHHHHHHHHHHHHHHHCCCCCC,50,False
1NH4,A,AEGDDPAKAAFDSLQASATEMIGYAWAMVVVIVGATIGIKLFKKFTSKAS,CCCCCCCHHHHHHHHHHHHHHHHHHHHHHHHHHHHHHHHHHHHHHHHCCC,CCCCCCCHHHHHHHHHHHHHHHHHHHHHHHHHHHHHHHHHHHHHHHHCCC,50,False
1OV9,A,SEITKTLLNIRSLRAYARELTIEQLEEALDKLTTVVQERKEAEAEEIAAR,CCTHHHHTCHHHHHHHHTTSCHHHHHHHHHHHHHHHHHHHHHHHCCCCCC,CCCHHHHCCHHHHHHHHCCCCHHHHHHHHHHHHHHHHHHHHHHHCCCCCC,50,False
1OV9,B,SEITKTLLNIRSLRAYARELTIEQLEEALDKLTTVVQERKEAEAEEIAAR,CCHHHHHSCHHHHHHHHTTSCHHHHHHHHHHHHHHHHHHHHHHSTTTCCC,CCHHHHHCCHHHHHHHHCCCCHHHHHHHHHHHHHHHHHHHHHHCCCCCCC,50,False
1PFT,A,MVNKQKVCPACESAELIYDPERGEIVCAKCGYVIEENIIDMGPEWRAFDA,CCSSCCSCTTTSCCCEEEETTTTEEEESSSCCBCCCCCCCCCSSSSCCCC,CCCCCCCCCCCCCCCEEEECCCCEEEECCCCCECCCCCCCCCCCCCCCCC,50,False
1PTQ,A,HRFKVYNYMSPTFCDHCGSLLWGLVKQGLKCEDCGMNVHHKCREKVANLC,CCEEEECCSSCCBCTTTCCBCCSSSSCEEEETTTCCEECHHHHTTSCSCC,CCEEEECCCCCCECCCCCCECCCCCCCEEEECCCCCEECHHHHCCCCCCC,50,False
1PTR,A,HRFKVYNYMSPTFCDHCGSLLWGLVKQGLKCEDCGMNVHHKCREKVANLC,CCEEEECCSSCCBCTTTCSBCCSSSCCEEEETTTCCEECHHHHTTSCSCC,CCEEEECCCCCCECCCCCCECCCCCCCEEEECCCCCEECHHHHCCCCCCC,50,False
1QLD,A,MGNQQCNWYGTLYPLCVTTTNGWGWEDQRSCIARSTCAAQPAPFGIVGSG,CCCCEEEETTEEEEBCSTTTTSEEEETTEEEECHHHHTTSCTTCBCCCCC,CCCCEEEECCEEEEECCCCCCCEEEECCEEEECHHHHCCCCCCCECCCCC,50,False
1R8U,A,TDFIDEEVLMSLVIEMGLDRIKELPELWLGQNEFDFMTDFVCKQQPSRVS,CCSCCHHHHHHHHHHHTGGGCCSCCCCCTTSGGGCTTCCSTTCCCCGGGC,CCCCCHHHHHHHHHHHCHHHCCCCCCCCCCCHHHCCCCCCCCCCCCHHHC,50,False
1S5L,X,MIQSASSLLLTITPSLKGFFIGLLSGAVVLGLTFAVLIAISQIDKVQRSL,CCCCCCCCCCCCCTHHHHHHHHHHHHHHHHHHHHHHHHHHHHHSCCCCCC,CCCCCCCCCCCCCCHHHHHHHHHHHHHHHHHHHHHHHHHHHHHCCCCCCC,50,False
1S5L,x,MIQSASSLLLTITPSLKGFFIGLLSGAVVLGLTFAVLIAISQIDKVQRSL,CCCCCCCCCCCCCTHHHHHHHHHHHHHHHHHHHHHHHHHHHHHSCCCCCC,CCCCCCCCCCCCCCHHHHHHHHHHHHHHHHHHHHHHHHHHHHHCCCCCCC,50,False
1S72,2,MGKKSKATKKRLAKLDNQNSRVPAWVMLKTDREVQRNHKRRHWRRNDTDE,CCCCCHHHHHHHHHHHHHTSCCCHHHHHHHTCCCCCCTTCCCTTTCCCCC,CCCCCHHHHHHHHHHHHHCCCCCHHHHHHHCCCCCCCCCCCCCCCCCCCC,50,False
1SJU,A,FVNQHLCGSDLVEALYLVCGERGFFYTDKGIVEQCCTSICSLYQLENYCN,CCSSCCHHHHHHHHHHHHTCSSCCCCSSCSCSSSSSSSCCCHHHHTTSCC,CCCCCCHHHHHHHHHHHHCCCCCCCCCCCCCCCCCCCCCCCHHHHCCCCC,50,False
1SS3,A,DEAQFKECYDTCHKECSDKGNGFTFCEMKCDTDCSVKDVKEKLENYKPKN,CCHHHHHHHHHHHHHHHTTTCCHHHHHHHHHHHTSCCCCCCCCCCCCCCC,CCHHHHHHHHHHHHHHHCCCCCHHHHHHHHHHHCCCCCCCCCCCCCCCCC,50,False
1TFI,A,KTGGTQTDLFTCGKCKKKNCTYTQVQTRSADEPMTTFVVCNECGNRWKFC,CCSCEECCCSCCSSSCSSCEEEEEECSSSSSSCCEEEEEESSSCCEEECC,CCCCEECCCCCCCCCCCCCEEEEEECCCCCCCCCEEEEEECCCCCEEECC,50,False
1TPM,A,SYQVICRDEKTQMIYQQHQSWLRPVLRSNRVEYCWCNSGRAQCHSVPVKS,CCCCCEEETTTTEEECTTCEEEECCSSSSCEEEEECSSSSCEEEEECSCC,CCCCCEEECCCCEEECCCCEEEECCCCCCCEEEEECCCCCCEEEEECCCC,50,False
1TPN,A,SYQVICRDEKTQMIYQQHQSWLRPVLRSNRVEYCWCNSGRAQCHSVPVKS,CCSCCEEETTTTEEECTTCEEEECCSSSSCCEEEECSSSSCEEEECCCCC,CCCCCEEECCCCEEECCCCEEEECCCCCCCCEEEECCCCCCEEEECCCCC,50,False
1UGL,A,NLMKRCTRGFRKLGKCTTLEEEKCKTLYPRGQCTCSDSKMNTHSCDCKSC,CCCCCCSSSSCEESSSCHHHHHHHHHHCCCSSCCCBCCSSSEEBCCSSCC,CCCCCCCCCCCEECCCCHHHHHHHHHHCCCCCCCCECCCCCEEECCCCCC,50,False
1VQ4,2,MGKKSKATKKRLAKLDNQNSRVPAWVMLKTDREVQRNHKRRHWRRNDTDE,CCCCCHHHHHHHHHHHHHTSCCCHHHHHHTTCCCCCCTTCCCTTTCCCCC,CCCCCHHHHHHHHHHHHHCCCCCHHHHHHCCCCCCCCCCCCCCCCCCCCC,50,False
1VQ5,2,MGKKSKATKKRLAKLDNQNSRVPAWVMLKTDREVQRNHKRRHWRRNDTDE,CCCCCHHHHHHHHHHHHHTSCCCHHHHHHTTCCCCCCTTCCCTTTCCCCC,CCCCCHHHHHHHHHHHHHCCCCCHHHHHHCCCCCCCCCCCCCCCCCCCCC,50,False
1VQ6,2,MGKKSKATKKRLAKLDNQNSRVPAWVMLKTDREVQRNHKRRHWRRNDTDE,CCCCCHHHHHHHHHHHHHTSCCCHHHHHHTTCCCCCCTTCCCTTTSCCCC,CCCCCHHHHHHHHHHHHHCCCCCHHHHHHCCCCCCCCCCCCCCCCCCCCC,50,False
1VQ7,2,MGKKSKATKKRLAKLDNQNSRVPAWVMLKTDREVQRNHKRRHWRRNDTDE,CCCCCHHHHHHHHHHHHHTSCCCHHHHHHTTCCCCCCTTCCCTTTCCCCC,CCCCCHHHHHHHHHHHHHCCCCCHHHHHHCCCCCCCCCCCCCCCCCCCCC,50,False
1VQ8,2,MGKKSKATKKRLAKLDNQNSRVPAWVMLKTDREVQRNHKRRHWRRNDTDE,CCCCCHHHHHHHHHHHHHSSCCCHHHHHHTTCCCCCCTTCCCTTTCCCCC,CCCCCHHHHHHHHHHHHHCCCCCHHHHHHCCCCCCCCCCCCCCCCCCCCC,50,False
1VQ9,2,MGKKSKATKKRLAKLDNQNSRVPAWVMLKTDREVQRNHKRRHWRRNDTDE,CCCCCHHHHHHHHHHHHHTSCCCHHHHHHHTCCCCCCTTCCCTTTCCCCC,CCCCCHHHHHHHHHHHHHCCCCCHHHHHHHCCCCCCCCCCCCCCCCCCCC,50,False
1VQK,2,MGKKSKATKKRLAKLDNQNSRVPAWVMLKTDREVQRNHKRRHWRRNDTDE,CCCCCHHHHHHHHHHHHHSSCCCHHHHHHTTCCCCCCTTCCCTTTCCCCC,CCCCCHHHHHHHHHHHHHCCCCCHHHHHHCCCCCCCCCCCCCCCCCCCCC,50,False
1VQL,2,MGKKSKATKKRLAKLDNQNSRVPAWVMLKTDREVQRNHKRRHWRRNDTDE,CCCCCHHHHHHHHHHHHHTSCCCHHHHHHTTCCCCCCTTCCCTTTCCCCC,CCCCCHHHHHHHHHHHHHCCCCCHHHHHHCCCCCCCCCCCCCCCCCCCCC,50,False
1VQM,2,MGKKSKATKKRLAKLDNQNSRVPAWVMLKTDREVQRNHKRRHWRRNDTDE,CCCCCHHHHHHHHHHHHHTSCCCHHHHHHTTCCCCCCTTCCCTTTCCCCC,CCCCCHHHHHHHHHHHHHCCCCCHHHHHHCCCCCCCCCCCCCCCCCCCCC,50,False
1VQN,2,MGKKSKATKKRLAKLDNQNSRVPAWVMLKTDREVQRNHKRRHWRRNDTDE,CCCCCHHHHHHHHHHHHHTSCCCHHHHHHHTCCCCCCTTCCCTTTCCCCC,CCCCCHHHHHHHHHHHHHCCCCCHHHHHHHCCCCCCCCCCCCCCCCCCCC,50,False
1VQO,2,MGKKSKATKKRLAKLDNQNSRVPAWVMLKTDREVQRNHKRRHWRRNDTDE,CCCCCHHHHHHHHHHHHHSSCCCHHHHHHTTCCCCCCTTCCCTTTCCCCC,CCCCCHHHHHHHHHHHHHCCCCCHHHHHHCCCCCCCCCCCCCCCCCCCCC,50,False
1VQP,2,MGKKSKATKKRLAKLDNQNSRVPAWVMLKTDREVQRNHKRRHWRRNDTDE,CCCCCHHHHHHHHHHHHHTSCCCHHHHHHTTCCCCCCTTCCCTTTCCCCC,CCCCCHHHHHHHHHHHHHCCCCCHHHHHHCCCCCCCCCCCCCCCCCCCCC,50,False
1XRX,A,MKTIEVDDELYSYIASHTKHIGESASDILRRMLKFSAASQPAAPVTKEVR,CEEEEECHHHHHHHHTTCSSTTCCHHHHHHHHHTCCCCCCCCCCCCCCCC,CEEEEECHHHHHHHHCCCCCCCCCHHHHHHHHHCCCCCCCCCCCCCCCCC,50,False
1XRX,B,MKTIEVDDELYSYIASHTKHIGESASDILRRMLKFSAASQPAAPVTKEVR,CEEEEECHHHHHHHHTTCSSTTCCHHHHHHHHHCCCCCCCCCCCCCCCCC,CEEEEECHHHHHHHHCCCCCCCCCHHHHHHHHHCCCCCCCCCCCCCCCCC,50,False
1XRX,C,MKTIEVDDELYSYIASHTKHIGESASDILRRMLKFSAASQPAAPVTKEVR,CEEEEECHHHHHHHHTTCSSTTCCHHHHHHHHHCCCCCCCCCCCCCCCCC,CEEEEECHHHHHHHHCCCCCCCCCHHHHHHHHHCCCCCCCCCCCCCCCCC,50,False
1XRX,D,MKTIEVDDELYSYIASHTKHIGESASDILRRMLKFSAASQPAAPVTKEVR,CEEEEECHHHHHHHHTTCSSTTCCHHHHHHHHHTCCCCCCCCCCCCCCCC,CEEEEECHHHHHHHHCCCCCCCCCHHHHHHHHHCCCCCCCCCCCCCCCCC,50,False
1Y74,B,AVQRAKEVLEEISCYPENNDAKELKRILTQPHFMALLQTHDVVAHEVYSD,CHHHHHHHHHHHHTCSSCHHHHHHHHHHHSHHHHHHHHHHHHHHHHHHTC,CHHHHHHHHHHHHCCCCCHHHHHHHHHHHCHHHHHHHHHHHHHHHHHHCC,50,False
1Y74,D,AVQRAKEVLEEISCYPENNDAKELKRILTQPHFMALLQTHDVVAHEVYSD,CHHHHHHHHHHHHTCSSCHHHHHHHHHHHCHHHHHHHHHHHHHHHHHSCC,CHHHHHHHHHHHHCCCCCHHHHHHHHHHHCHHHHHHHHHHHHHHHHHCCC,50,False
1YHQ,2,MGKKSKATKKRLAKLDNQNSRVPAWVMLKTDREVQRNHKRRHWRRNDTDE,CCCCCHHHHHHHHHHHHHTSCCCHHHHHHTTCCCCCCTTCCCTTTSCCCC,CCCCCHHHHHHHHHHHHHCCCCCHHHHHHCCCCCCCCCCCCCCCCCCCCC,50,False
1YI2,2,MGKKSKATKKRLAKLDNQNSRVPAWVMLKTDREVQRNHKRRHWRRNDTDE,CCCCCHHHHHHHHHHHHHTSCCCHHHHHHTTCCCCCCTTCCCTTTSCCCC,CCCCCHHHHHHHHHHHHHCCCCCHHHHHHCCCCCCCCCCCCCCCCCCCCC,50,False
1YIJ,2,MGKKSKATKKRLAKLDNQNSRVPAWVMLKTDREVQRNHKRRHWRRNDTDE,CCCCCHHHHHHHHHHHHHTSCCCHHHHHHTTCCCCCCTTCCCTTTSCCCC,CCCCCHHHHHHHHHHHHHCCCCCHHHHHHCCCCCCCCCCCCCCCCCCCCC,50,False
1YIT,2,MGKKSKATKKRLAKLDNQNSRVPAWVMLKTDREVQRNHKRRHWRRNDTDE,CCCCCHHHHHHHHHHHHHTSCCCHHHHHHTTCCCCCCTTCCCTTTSCCCC,CCCCCHHHHHHHHHHHHHCCCCCHHHHHHCCCCCCCCCCCCCCCCCCCCC,50,False
1YJ9,2,MGKKSKATKKRLAKLDNQNSRVPAWVMLKTDREVQRNHKRRHWRRNDTDE,CCCCCHHHHHHHHHHHHHSSCCCHHHHHHTTTSCCCCTTCCCTTTSCCCC,CCCCCHHHHHHHHHHHHHCCCCCHHHHHHCCCCCCCCCCCCCCCCCCCCC,50,False
1YJN,2,MGKKSKATKKRLAKLDNQNSRVPAWVMLKTDREVQRNHKRRHWRRNDTDE,CCCCCHHHHHHHHHHHHHTSCCCHHHHHHTTCCCCCCTTCCCTTTSCCCC,CCCCCHHHHHHHHHHHHHCCCCCHHHHHHCCCCCCCCCCCCCCCCCCCCC,50,False
1YJW,2,MGKKSKATKKRLAKLDNQNSRVPAWVMLKTDREVQRNHKRRHWRRNDTDE,CCCCCHHHHHHHHHHHHHTSCCCHHHHHHTTCCCCCCTTCCCTTTSCCCC,CCCCCHHHHHHHHHHHHHCCCCCHHHHHHCCCCCCCCCCCCCCCCCCCCC,50,False
1YUF,A,VVSHFNDCPDSHTQFCFHGTCRFLVQEDKPACVCHSGYVGARCEHADLLA,CCCCCCCCCSSGGGGCSSSCCEEETTTTEEECCCCSSCBSSSSCBCSSCC,CCCCCCCCCCCHHHHCCCCCCEEECCCCEEECCCCCCCECCCCCECCCCC,50,False
1YUG,A,VVSHFNDCPDSHTQFCFHGTCRFLVQEDKPACVCHSGYVGARCEHADLLA,CCCCBCCCCSSGGGGCSSEEEEEETTTTEEEEEECSSCBSSSCCBCSSCC,CCCCECCCCCCHHHHCCCEEEEEECCCCEEEEEECCCCECCCCCECCCCC,50,False
1ZRJ,A,GSSGSSGMDVRRLKVNELREELQRRGLDTRGLKAELAERLQAALSGPSSG,CCSSSCCCCGGGSCHHHHHHHHHHTTCCCCSCHHHHHHHHHHHHCCCCCC,CCCCCCCCCHHHCCHHHHHHHHHHCCCCCCCCHHHHHHHHHHHHCCCCCC,50,False
1ZV8,A,NQKQIANQFNKAISQIQESLTTTSTALGKLQDVVNQNAQALNTLVKQLSS,CHHHHHHHHHHHHHHHHHHHHHHHHHHHHHHHHHHHHHHHHHHHHHHHCC,CHHHHHHHHHHHHHHHHHHHHHHHHHHHHHHHHHHHHHHHHHHHHHHHCC,50,False
1ZV8,C,NQKQIANQFNKAISQIQESLTTTSTALGKLQDVVNQNAQALNTLVKQLSS,CCHHHHHHHHHHHHHHHHHHHHHHHHHHHHHHHHHHHHHHHHHHHHCCCC,CCHHHHHHHHHHHHHHHHHHHHHHHHHHHHHHHHHHHHHHHHHHHHCCCC,50,False
1ZV8,E,NQKQIANQFNKAISQIQESLTTTSTALGKLQDVVNQNAQALNTLVKQLSS,CHHHHHHHHHHHHHHHHHHHHHHHHHHHHHHHHHHHHHHHHHHHHHHHCC,CHHHHHHHHHHHHHHHHHHHHHHHHHHHHHHHHHHHHHHHHHHHHHHHCC,50,False
1ZV8,G,NQKQIANQFNKAISQIQESLTTTSTALGKLQDVVNQNAQALNTLVKQLSS,CHHHHHHHHHHHHHHHHHHHHHHHHHHHHHHHHHHHHHHHHHHHHHHHHC,CHHHHHHHHHHHHHHHHHHHHHHHHHHHHHHHHHHHHHHHHHHHHHHHHC,50,False
1ZV8,I,NQKQIANQFNKAISQIQESLTTTSTALGKLQDVVNQNAQALNTLVKQLSS,CHHHHHHHHHHHHHHHHHHHHHHHHHHHHHHHHHHHHHHHHHHHHHHHCC,CHHHHHHHHHHHHHHHHHHHHHHHHHHHHHHHHHHHHHHHHHHHHHHHCC,50,False
1ZV8,K,NQKQIANQFNKAISQIQESLTTTSTALGKLQDVVNQNAQALNTLVKQLSS,CHHHHHHHHHHHHHHHHHHHHHHHHHHHHHHHHHHHHHHHHHHHHHHHHC,CHHHHHHHHHHHHHHHHHHHHHHHHHHHHHHHHHHHHHHHHHHHHHHHHC,50,False
2A26,A,GSHMASEELQKDLEEVKVLLEKATRKRVRDALTAEKSKIETEIKNKMQQK,CCCCCHHHHHHHHHHHHHHHHHCCSHHHHHHHHHHHHHHHHHHHHHHHHC,CCCCCHHHHHHHHHHHHHHHHHCCCHHHHHHHHHHHHHHHHHHHHHHHHC,50,False
2A26,B,GSHMASEELQKDLEEVKVLLEKATRKRVRDALTAEKSKIETEIKNKMQQK,CCTTCHHHHHHHHHHHHHHHHHCCCHHHHHHHHHHHHHHHHHHHHTCCCC,CCCCCHHHHHHHHHHHHHHHHHCCCHHHHHHHHHHHHHHHHHHHHCCCCC,50,False
2A26,C,GSHMASEELQKDLEEVKVLLEKATRKRVRDALTAEKSKIETEIKNKMQQK,CCTTCHHHHHHHHHHHHHHHHHCCSHHHHHHHHHHHHHHHHHHHHTCCCC,CCCCCHHHHHHHHHHHHHHHHHCCCHHHHHHHHHHHHHHHHHHHHCCCCC,50,False
2BWE,A,GILDPEERYEHQLRQLNDMGFFDFDRNVAALRRSGGSVQGALDSLLNGDV,CCCCHHHHTHHHHHHHHHTTCCCHHHHHHHHHHTTTCHHHHHHHHTTCCC,CCCCHHHHCHHHHHHHHHCCCCCHHHHHHHHHHCCCCHHHHHHHHCCCCC,50,False
2BWE,B,GILDPEERYEHQLRQLNDMGFFDFDRNVAALRRSGGSVQGALDSLLNGDV,CCCCHHHHTHHHHHHHHHTTCCCHHHHHHHHHHTTTCHHHHHHHHTTCCC,CCCCHHHHCHHHHHHHHHCCCCCHHHHHHHHHHCCCCHHHHHHHHCCCCC,50,False
2BWE,C,GILDPEERYEHQLRQLNDMGFFDFDRNVAALRRSGGSVQGALDSLLNGDV,CCCCHHHHTHHHHHHHHHTTCCCHHHHHHHHHHTTTCHHHHHHHHTTTCC,CCCCHHHHCHHHHHHHHHCCCCCHHHHHHHHHHCCCCHHHHHHHHCCCCC,50,False
2BWE,D,GILDPEERYEHQLRQLNDMGFFDFDRNVAALRRSGGSVQGALDSLLNGDV,CCCCHHHHTHHHHHHHHHTTCCCHHHHHHHHHHTTTCHHHHHHHHTTCCC,CCCCHHHHCHHHHHHHHHCCCCCHHHHHHHHHHCCCCHHHHHHHHCCCCC,50,False
2BWE,E,GILDPEERYEHQLRQLNDMGFFDFDRNVAALRRSGGSVQGALDSLLNGDV,CCCCHHHHTHHHHHHHHHTTCCCHHHHHHHHHHTTTCHHHHHHHHTTCCC,CCCCHHHHCHHHHHHHHHCCCCCHHHHHHHHHHCCCCHHHHHHHHCCCCC,50,False
2BWE,F,GILDPEERYEHQLRQLNDMGFFDFDRNVAALRRSGGSVQGALDSLLNGDV,CCCCHHHHTHHHHHHHHTTTCCCHHHHHHHHHHTTTCHHHHHHHHTTCCC,CCCCHHHHCHHHHHHHHCCCCCCHHHHHHHHHHCCCCHHHHHHHHCCCCC,50,False
2BWE,G,GILDPEERYEHQLRQLNDMGFFDFDRNVAALRRSGGSVQGALDSLLNGDV,CCCCHHHHTHHHHHHHHTTTCCCHHHHHHHHHHTTTCHHHHHHHHTTCCC,CCCCHHHHCHHHHHHHHCCCCCCHHHHHHHHHHCCCCHHHHHHHHCCCCC,50,False
2BWE,H,GILDPEERYEHQLRQLNDMGFFDFDRNVAALRRSGGSVQGALDSLLNGDV,CCCCHHHHTHHHHHHHHTTTCCCHHHHHHHHHHTTTCHHHHHHHHTTCCC,CCCCHHHHCHHHHHHHHCCCCCCHHHHHHHHHHCCCCHHHHHHHHCCCCC,50,False
2BWE,I,GILDPEERYEHQLRQLNDMGFFDFDRNVAALRRSGGSVQGALDSLLNGDV,CCCCHHHHTHHHHHHHHHTTCCCHHHHHHHHHHTTTCHHHHHHHHTTCCC,CCCCHHHHCHHHHHHHHHCCCCCHHHHHHHHHHCCCCHHHHHHHHCCCCC,50,False
2BWE,J,GILDPEERYEHQLRQLNDMGFFDFDRNVAALRRSGGSVQGALDSLLNGDV,CCCCHHHHTHHHHHHHHHTTCCCHHHHHHHHHHTTTCHHHHHHHHTTCCC,CCCCHHHHCHHHHHHHHHCCCCCHHHHHHHHHHCCCCHHHHHHHHCCCCC,50,False
2BWE,K,GILDPEERYEHQLRQLNDMGFFDFDRNVAALRRSGGSVQGALDSLLNGDV,CCCCHHHHTHHHHHHHHHTTCCCHHHHHHHHHHTTTCHHHHHHHHTTCCC,CCCCHHHHCHHHHHHHHHCCCCCHHHHHHHHHHCCCCHHHHHHHHCCCCC,50,False
2BWE,L,GILDPEERYEHQLRQLNDMGFFDFDRNVAALRRSGGSVQGALDSLLNGDV,CCCCHHHHTHHHHHHHHTTTCCCHHHHHHHHHHTTTCHHHHHHHHTTCCC,CCCCHHHHCHHHHHHHHCCCCCCHHHHHHHHHHCCCCHHHHHHHHCCCCC,50,False
2BWE,M,GILDPEERYEHQLRQLNDMGFFDFDRNVAALRRSGGSVQGALDSLLNGDV,CCCCHHHHTHHHHHHHHHTTCCCHHHHHHHHHHTTTCHHHHHHHHTTCCC,CCCCHHHHCHHHHHHHHHCCCCCHHHHHHHHHHCCCCHHHHHHHHCCCCC,50,False
2BWE,N,GILDPEERYEHQLRQLNDMGFFDFDRNVAALRRSGGSVQGALDSLLNGDV,CCCCHHHHTHHHHHHHHTTTCCCHHHHHHHHHHTTTCHHHHHHHHTTCCC,CCCCHHHHCHHHHHHHHCCCCCCHHHHHHHHHHCCCCHHHHHHHHCCCCC,50,False
2BWE,O,GILDPEERYEHQLRQLNDMGFFDFDRNVAALRRSGGSVQGALDSLLNGDV,CCCCHHHHTHHHHHHHHTTTCCCHHHHHHHHHHTTTCHHHHHHHHTTCCC,CCCCHHHHCHHHHHHHHCCCCCCHHHHHHHHHHCCCCHHHHHHHHCCCCC,50,False
2BWE,P,GILDPEERYEHQLRQLNDMGFFDFDRNVAALRRSGGSVQGALDSLLNGDV,CCCCHHHHTHHHHHHHHTTTCCCHHHHHHHHHHTTTCHHHHHHHHTCCCC,CCCCHHHHCHHHHHHHHCCCCCCHHHHHHHHHHCCCCHHHHHHHHCCCCC,50,False
2BWE,Q,GILDPEERYEHQLRQLNDMGFFDFDRNVAALRRSGGSVQGALDSLLNGDV,CCCCHHHHTHHHHHHHHHTTCCCHHHHHHHHHHTTTCHHHHHHHHTTCCC,CCCCHHHHCHHHHHHHHHCCCCCHHHHHHHHHHCCCCHHHHHHHHCCCCC,50,False
2BWE,R,GILDPEERYEHQLRQLNDMGFFDFDRNVAALRRSGGSVQGALDSLLNGDV,CCCCHHHHTHHHHHHHHHTTCCCHHHHHHHHHHTTTCHHHHHHHHTTCCC,CCCCHHHHCHHHHHHHHHCCCCCHHHHHHHHHHCCCCHHHHHHHHCCCCC,50,False
2C0W,A,AEGDDPAKAAFDSLQASATEMIGYAWAMVVVIVGATIGIKLFKKFTSKAS,CCSCHHHHHHHHHHHHHHHHHHHHHHHHHHHHHHHHHHHHHHHHHHHTTC,CCCCHHHHHHHHHHHHHHHHHHHHHHHHHHHHHHHHHHHHHHHHHHHCCC,50,False
2C0X,A,AEGDDPAKAAFDSLQASATEMIGYAWAMVVVIVGATIGIKLFKKFTSKAS,CCSCHHHHHHHHHHHHHHHHHHHHHHHHHHHHHHHHHHHHHHHHHHHHTC,CCCCHHHHHHHHHHHHHHHHHHHHHHHHHHHHHHHHHHHHHHHHHHHHCC,50,False
2CK3,I,VAYWRQAGLSYIRYSQICAKAVRDALKTEFKANAMKTSGSTIKIVKVKKE,CCTTSSSSCCHHHHHHHHHHHHHTCCCCCCCCCCCCCCCCCCCCCCCCCC,CCCCCCCCCCHHHHHHHHHHHHHCCCCCCCCCCCCCCCCCCCCCCCCCCC,50,False
2CPB,A,AEGDDPAKAAFNSLQASATEYIGYAWAMVVVIVGATIGIKLFKKFTSKAS,CCSSCHHHHHHHHHHHTHHHHHHTHHHHHHHHHHHHHHHHHHHHTTTTTC,CCCCCHHHHHHHHHHHCHHHHHHCHHHHHHHHHHHHHHHHHHHHCCCCCC,50,False
2CPS,A,AEGDDPAKAAFNSLQASATEYIGYAWAMVVVIVGATIGIKLFKKFTSKAS,CCCCCTTHHHHHHHHTCCTTTTTHHHHHHHHHHHHHHHHHHHHHHHSCCC,CCCCCCCHHHHHHHHCCCCCCCCHHHHHHHHHHHHHHHHHHHHHHHCCCC,50,False
2DK1,A,GSSGSSGRWVEGITSEGYHYYYDLISGASQWEKPEGFQGDLKKTSGPSSG,CCSCCSCCEEECCCSTTCCCEEESSSCCEESSCCTTCCCCCSTTCSSSCC,CCCCCCCCEEECCCCCCCCCEEECCCCCEECCCCCCCCCCCCCCCCCCCC,50,False
2EQP,A,GSSGSSGEQAPGTAPCSRGSSWSADLDKCMDCASCRARPHSDFCLGCAAA,CCSCSSCSSHHHHSCCCTTCEEETTTTEEECHHHHHHCCCCHHHHTTSCC,CCCCCCCCCHHHHCCCCCCCEEECCCCEEECHHHHHHCCCCHHHHCCCCC,50,False
2EZW,A,SLRECELYVQKHNIQALLKDSIVQLCTARPERPMAFLREYFEKLEKEEAK,CHHHHTTTSSTTSSHHHHHHHHHHHTTCCCSCHHHHHHHHHHHHHTCCCC,CHHHHCCCCCCCCCHHHHHHHHHHHCCCCCCCHHHHHHHHHHHHHCCCCC,50,False
2EZW,B,SLRECELYVQKHNIQALLKDSIVQLCTARPERPMAFLREYFEKLEKEEAK,CHHHHTTTSSTTSSHHHHHHHHHHHTTCCCSCHHHHHHHHHHHHHCCCCC,CHHHHCCCCCCCCCHHHHHHHHHHHCCCCCCCHHHHHHHHHHHHHCCCCC,50,False
2FC6,A,GSSGSSGCCLPPATHRPHPTSICDNFSAYGWCPLGPQCPQSHDISGPSSG,CCCCCCCCCCCTTSCCCCCSCBCSHHHHTCCCTTGGGCSSBCCCCCCCCC,CCCCCCCCCCCCCCCCCCCCCECCHHHHCCCCCCHHHCCCECCCCCCCCC,50,False
2HI5,A,AEGDDPAKAAFDSLQASATEYIGYAWAMVVVIVGATIGIKLFKKFTSKAS,CCCCCCHHHHHHHHHHHHHHHHHHHHHHHHHHHHHHHHHHHHHHHHCCCC,CCCCCCHHHHHHHHHHHHHHHHHHHHHHHHHHHHHHHHHHHHHHHHCCCC,50,False
2JDI,I,VAYWRQAGLSYIRYSQICAKAVRDALKTEFKANAMKTSGSTIKIVKVKKE,CCSSSSSSCCHHHHHHHHHHHHHCCCCCCCCCCCCCCCCCCCCCCCCCCC,CCCCCCCCCCHHHHHHHHHHHHHCCCCCCCCCCCCCCCCCCCCCCCCCCC,50,False
2KBY,A,GSDEDTYYLQVRGRENFEILMKLKESLELMELVPQPLVDSYRQQQQLLQR,CCCCSEEEEEEESHHHHHHHHHHHHHHHHTTTSCHHHHHHHHHHHHTCCC,CCCCCEEEEEEECHHHHHHHHHHHHHHHHCCCCCHHHHHHHHHHHHCCCC,50,False
2KBY,B,GSDEDTYYLQVRGRENFEILMKLKESLELMELVPQPLVDSYRQQQQLLQR,CCCCSEEEEEEESHHHHHHHHHHHHHHHHTTTSCHHHHHHHHHHHHTCCC,CCCCCEEEEEEECHHHHHHHHHHHHHHHHCCCCCHHHHHHHHHHHHCCCC,50,False
2KBY,C,GSDEDTYYLQVRGRENFEILMKLKESLELMELVPQPLVDSYRQQQQLLQR,CCCCSEEEEEEESHHHHHHHHHHHHHHHHTTTSCHHHHHHHHHHHHTCCC,CCCCCEEEEEEECHHHHHHHHHHHHHHHHCCCCCHHHHHHHHHHHHCCCC,50,False
2KBY,D,GSDEDTYYLQVRGRENFEILMKLKESLELMELVPQPLVDSYRQQQQLLQR,CCCCSEEEEEEESHHHHHHHHHHHHHHHHTTTSCHHHHHHHHHHHHTCCC,CCCCCEEEEEEECHHHHHHHHHHHHHHHHCCCCCHHHHHHHHHHHHCCCC,50,False
2KJI,A,GETRACGRKLISLVMAVCGDLCNPQEGKDIATECCGNQCSDDYIRSACCP,CCCCCSHHHHHHHHHHHTSSSSCCCSCTTHHHHHTTTCCCHHHHHHHHCC,CCCCCCHHHHHHHHHHHCCCCCCCCCCCCHHHHHCCCCCCHHHHHHHHCC,50,False
2KNX,A,GSEGKTCGPSSFSCPGTHVCVPERWLCDGDKDCADGADESIAAGCLYNST,CCTTCTTCTTEEEETTTTEEEETTTTTSSSCCSTTCGGGSGGGTCCCCCC,CCCCCCCCCCEEEECCCCEEEECCCCCCCCCCCCCCHHHCHHHCCCCCCC,50,False
2KWU,A,GSPEFDSAEEKLPFPPDIDPQVFYELPEEVQKELMAEWERAGAARPSAHR,CCCCCCCCCSCSSCSSSCCTTTSSSSCHHHHHHHHHHTTTTTCCCCCCCC,CCCCCCCCCCCCCCCCCCCCCCCCCCCHHHHHHHHHHCCCCCCCCCCCCC,50,False
2KYG,A,GAMGSMSHIQIPPGLTELLQGYTVEVLRQQPPDLVEFAVEYFTRLREARA,CCCCTTCCCCCCTTHHHHHHHHHHHHHHHCCSCHHHHHHHHHHHHHHTCC,CCCCCCCCCCCCCCHHHHHHHHHHHHHHHCCCCHHHHHHHHHHHHHHCCC,50,False
2KYG,B,GAMGSMSHIQIPPGLTELLQGYTVEVLRQQPPDLVEFAVEYFTRLREARA,CCSSCSSSSCCCTTHHHHHHHHHHHHHHHCCSCHHHHHHHHHHHHHHHCC,CCCCCCCCCCCCCCHHHHHHHHHHHHHHHCCCCHHHHHHHHHHHHHHHCC,50,False
2L92,A,MSTVPKYRDPATGKTWSGRGRQPAWLGNDPAAFLIQPDLPAILEHHHHHH,CCCCCCEECTTTCCEECSCSSCCSTTSSCGGGSBCCCSSCSSCCCCCCCC,CCCCCCEECCCCCCEECCCCCCCCCCCCCHHHCECCCCCCCCCCCCCCCC,50,False
2LKS,A,GNTKEEAKQAFKELLKEKRVPSNASWEQAMKMIINDPRYSALAKLSEKKQ,CCCHHHHHHHHHHHHHHSCCCSSSCHHHHHHHHHHSHHHHHHHHCCCCCC,CCCHHHHHHHHHHHHHHCCCCCCCCHHHHHHHHHHCHHHHHHHHCCCCCC,50,False
2M3E,A,SNADVVYEKQMLYLYVLSGIGGLLLLLLIFIVLYKVGFFKRNLKEKMEAG,CCCTTTTTCCCHHHHHHHHHHHHHHHHHHHHHHHHHTSGGGSCCCCCCCC,CCCCCCCCCCCHHHHHHHHHHHHHHHHHHHHHHHHHCCHHHCCCCCCCCC,50,False
2M76,A,MAEAHQAVGFRPSLTSDGAEVELSAPVLQEIYLSGLRSWKRHLSRFWNDF,CCSCCSCSSCCCTTTSCCSSCCSSHHHHHHHHHHHHHHHHHHHHHHHHCC,CCCCCCCCCCCCCCCCCCCCCCCCHHHHHHHHHHHHHHHHHHHHHHHHCC,50,False
2MJZ,A,AEGDDPAKAAFNSLQASATEYIGYAWAMVVVIVGATIGIKLFKKFTSKAS,CTTCCHHHHHHHHHHHHHHHHHHHHHHHHHHHHHHHHHHHHHHHHHHHTC,CCCCCHHHHHHHHHHHHHHHHHHHHHHHHHHHHHHHHHHHHHHHHHHHCC,50,False
2MJZ,B,AEGDDPAKAAFNSLQASATEYIGYAWAMVVVIVGATIGIKLFKKFTSKAS,CTTCCHHHHHHHHHHHHHHHHHHHHHHHHHHHHHHHHHHHHHHHHHHHTC,CCCCCHHHHHHHHHHHHHHHHHHHHHHHHHHHHHHHHHHHHHHHHHHHCC,50,False
2MJZ,C,AEGDDPAKAAFNSLQASATEYIGYAWAMVVVIVGATIGIKLFKKFTSKAS,CTTCCHHHHHHHHHHHHHHHHHHHHHHHHHHHHHHHHHHHHHHHHHHHTC,CCCCCHHHHHHHHHHHHHHHHHHHHHHHHHHHHHHHHHHHHHHHHHHHCC,50,False
2MJZ,D,AEGDDPAKAAFNSLQASATEYIGYAWAMVVVIVGATIGIKLFKKFTSKAS,CTTCCHHHHHHHHHHHHHHHHHHHHHHHHHHHHHHHHHHHHHHHHHHHTC,CCCCCHHHHHHHHHHHHHHHHHHHHHHHHHHHHHHHHHHHHHHHHHHHCC,50,False
2MJZ,E,AEGDDPAKAAFNSLQASATEYIGYAWAMVVVIVGATIGIKLFKKFTSKAS,CTTCCHHHHHHHHHHHHHHHHHHHHHHHHHHHHHHHHHHHHHHHHHHHTC,CCCCCHHHHHHHHHHHHHHHHHHHHHHHHHHHHHHHHHHHHHHHHHHHCC,50,False
2MJZ,F,AEGDDPAKAAFNSLQASATEYIGYAWAMVVVIVGATIGIKLFKKFTSKAS,CTTCCHHHHHHHHHHHHHHHHHHHHHHHHHHHHHHHHHHHHHHHHHHHTC,CCCCCHHHHHHHHHHHHHHHHHHHHHHHHHHHHHHHHHHHHHHHHHHHCC,50,False
2MJZ,G,AEGDDPAKAAFNSLQASATEYIGYAWAMVVVIVGATIGIKLFKKFTSKAS,CTTCCHHHHHHHHHHHHHHHHHHHHHHHHHHHHHHHHHHHHHHHHHHHTC,CCCCCHHHHHHHHHHHHHHHHHHHHHHHHHHHHHHHHHHHHHHHHHHHCC,50,False
2MJZ,H,AEGDDPAKAAFNSLQASATEYIGYAWAMVVVIVGATIGIKLFKKFTSKAS,CTTCCHHHHHHHHHHHHHHHHHHHHHHHHHHHHHHHHHHHHHHHHHHHTC,CCCCCHHHHHHHHHHHHHHHHHHHHHHHHHHHHHHHHHHHHHHHHHHHCC,50,False
2MJZ,I,AEGDDPAKAAFNSLQASATEYIGYAWAMVVVIVGATIGIKLFKKFTSKAS,CTTCCHHHHHHHHHHHHHHHHHHHHHHHHHHHHHHHHHHHHHHHHHHHTC,CCCCCHHHHHHHHHHHHHHHHHHHHHHHHHHHHHHHHHHHHHHHHHHHCC,50,False
2MJZ,J,AEGDDPAKAAFNSLQASATEYIGYAWAMVVVIVGATIGIKLFKKFTSKAS,CTTCCHHHHHHHHHHHHHHHHHHHHHHHHHHHHHHHHHHHHHHHHHHHTC,CCCCCHHHHHHHHHHHHHHHHHHHHHHHHHHHHHHHHHHHHHHHHHHHCC,50,False
2MJZ,K,AEGDDPAKAAFNSLQASATEYIGYAWAMVVVIVGATIGIKLFKKFTSKAS,CTTCCHHHHHHHHHHHHHHHHHHHHHHHHHHHHHHHHHHHHHHHHHHHTC,CCCCCHHHHHHHHHHHHHHHHHHHHHHHHHHHHHHHHHHHHHHHHHHHCC,50,False
2MJZ,L,AEGDDPAKAAFNSLQASATEYIGYAWAMVVVIVGATIGIKLFKKFTSKAS,CTTCCHHHHHHHHHHHHHHHHHHHHHHHHHHHHHHHHHHHHHHHHHHHTC,CCCCCHHHHHHHHHHHHHHHHHHHHHHHHHHHHHHHHHHHHHHHHHHHCC,50,False
2MJZ,M,AEGDDPAKAAFNSLQASATEYIGYAWAMVVVIVGATIGIKLFKKFTSKAS,CTTCCHHHHHHHHHHHHHHHHHHHHHHHHHHHHHHHHHHHHHHHHHHHTC,CCCCCHHHHHHHHHHHHHHHHHHHHHHHHHHHHHHHHHHHHHHHHHHHCC,50,False
2MJZ,N,AEGDDPAKAAFNSLQASATEYIGYAWAMVVVIVGATIGIKLFKKFTSKAS,CTTCCHHHHHHHHHHHHHHHHHHHHHHHHHHHHHHHHHHHHHHHHHHHTC,CCCCCHHHHHHHHHHHHHHHHHHHHHHHHHHHHHHHHHHHHHHHHHHHCC,50,False
2MJZ,O,AEGDDPAKAAFNSLQASATEYIGYAWAMVVVIVGATIGIKLFKKFTSKAS,CTTCCHHHHHHHHHHHHHHHHHHHHHHHHHHHHHHHHHHHHHHHHHHHTC,CCCCCHHHHHHHHHHHHHHHHHHHHHHHHHHHHHHHHHHHHHHHHHHHCC,50,False
2MJZ,P,AEGDDPAKAAFNSLQASATEYIGYAWAMVVVIVGATIGIKLFKKFTSKAS,CTTCCHHHHHHHHHHHHHHHHHHHHHHHHHHHHHHHHHHHHHHHHHHHTC,CCCCCHHHHHHHHHHHHHHHHHHHHHHHHHHHHHHHHHHHHHHHHHHHCC,50,False
2MJZ,Q,AEGDDPAKAAFNSLQASATEYIGYAWAMVVVIVGATIGIKLFKKFTSKAS,CTTCCHHHHHHHHHHHHHHHHHHHHHHHHHHHHHHHHHHHHHHHHHHHTC,CCCCCHHHHHHHHHHHHHHHHHHHHHHHHHHHHHHHHHHHHHHHHHHHCC,50,False
2MJZ,R,AEGDDPAKAAFNSLQASATEYIGYAWAMVVVIVGATIGIKLFKKFTSKAS,CTTCCHHHHHHHHHHHHHHHHHHHHHHHHHHHHHHHHHHHHHHHHHHHTC,CCCCCHHHHHHHHHHHHHHHHHHHHHHHHHHHHHHHHHHHHHHHHHHHCC,50,False
2MJZ,S,AEGDDPAKAAFNSLQASATEYIGYAWAMVVVIVGATIGIKLFKKFTSKAS,CTTCCHHHHHHHHHHHHHHHHHHHHHHHHHHHHHHHHHHHHHHHHHHHTC,CCCCCHHHHHHHHHHHHHHHHHHHHHHHHHHHHHHHHHHHHHHHHHHHCC,50,False
2MJZ,T,AEGDDPAKAAFNSLQASATEYIGYAWAMVVVIVGATIGIKLFKKFTSKAS,CTTCCHHHHHHHHHHHHHHHHHHHHHHHHHHHHHHHHHHHHHHHHHHHTC,CCCCCHHHHHHHHHHHHHHHHHHHHHHHHHHHHHHHHHHHHHHHHHHHCC,50,False
2MJZ,U,AEGDDPAKAAFNSLQASATEYIGYAWAMVVVIVGATIGIKLFKKFTSKAS,CTTCCHHHHHHHHHHHHHHHHHHHHHHHHHHHHHHHHHHHHHHHHHHHTC,CCCCCHHHHHHHHHHHHHHHHHHHHHHHHHHHHHHHHHHHHHHHHHHHCC,50,False
2MJZ,V,AEGDDPAKAAFNSLQASATEYIGYAWAMVVVIVGATIGIKLFKKFTSKAS,CTTCCHHHHHHHHHHHHHHHHHHHHHHHHHHHHHHHHHHHHHHHHHHHTC,CCCCCHHHHHHHHHHHHHHHHHHHHHHHHHHHHHHHHHHHHHHHHHHHCC,50,False
2MJZ,W,AEGDDPAKAAFNSLQASATEYIGYAWAMVVVIVGATIGIKLFKKFTSKAS,CTTCCHHHHHHHHHHHHHHHHHHHHHHHHHHHHHHHHHHHHHHHHHHHTC,CCCCCHHHHHHHHHHHHHHHHHHHHHHHHHHHHHHHHHHHHHHHHHHHCC,50,False
2MJZ,X,AEGDDPAKAAFNSLQASATEYIGYAWAMVVVIVGATIGIKLFKKFTSKAS,CTTCCHHHHHHHHHHHHHHHHHHHHHHHHHHHHHHHHHHHHHHHHHHHTC,CCCCCHHHHHHHHHHHHHHHHHHHHHHHHHHHHHHHHHHHHHHHHHHHCC,50,False
2MJZ,Y,AEGDDPAKAAFNSLQASATEYIGYAWAMVVVIVGATIGIKLFKKFTSKAS,CTTCCHHHHHHHHHHHHHHHHHHHHHHHHHHHHHHHHHHHHHHHHHHHTC,CCCCCHHHHHHHHHHHHHHHHHHHHHHHHHHHHHHHHHHHHHHHHHHHCC,50,False
2MJZ,Z,AEGDDPAKAAFNSLQASATEYIGYAWAMVVVIVGATIGIKLFKKFTSKAS,CTTCCHHHHHHHHHHHHHHHHHHHHHHHHHHHHHHHHHHHHHHHHHHHTC,CCCCCHHHHHHHHHHHHHHHHHHHHHHHHHHHHHHHHHHHHHHHHHHHCC,50,False
2MJZ,a,AEGDDPAKAAFNSLQASATEYIGYAWAMVVVIVGATIGIKLFKKFTSKAS,CTTCCHHHHHHHHHHHHHHHHHHHHHHHHHHHHHHHHHHHHHHHHHHHTC,CCCCCHHHHHHHHHHHHHHHHHHHHHHHHHHHHHHHHHHHHHHHHHHHCC,50,False
2MJZ,b,AEGDDPAKAAFNSLQASATEYIGYAWAMVVVIVGATIGIKLFKKFTSKAS,CTTCCHHHHHHHHHHHHHHHHHHHHHHHHHHHHHHHHHHHHHHHHHHHTC,CCCCCHHHHHHHHHHHHHHHHHHHHHHHHHHHHHHHHHHHHHHHHHHHCC,50,False
2MJZ,c,AEGDDPAKAAFNSLQASATEYIGYAWAMVVVIVGATIGIKLFKKFTSKAS,CTTCCHHHHHHHHHHHHHHHHHHHHHHHHHHHHHHHHHHHHHHHHHHHTC,CCCCCHHHHHHHHHHHHHHHHHHHHHHHHHHHHHHHHHHHHHHHHHHHCC,50,False
2MJZ,d,AEGDDPAKAAFNSLQASATEYIGYAWAMVVVIVGATIGIKLFKKFTSKAS,CTTCCHHHHHHHHHHHHHHHHHHHHHHHHHHHHHHHHHHHHHHHHHHHTC,CCCCCHHHHHHHHHHHHHHHHHHHHHHHHHHHHHHHHHHHHHHHHHHHCC,50,False
2MJZ,e,AEGDDPAKAAFNSLQASATEYIGYAWAMVVVIVGATIGIKLFKKFTSKAS,CTTCCHHHHHHHHHHHHHHHHHHHHHHHHHHHHHHHHHHHHHHHHHHHTC,CCCCCHHHHHHHHHHHHHHHHHHHHHHHHHHHHHHHHHHHHHHHHHHHCC,50,False
2MJZ,f,AEGDDPAKAAFNSLQASATEYIGYAWAMVVVIVGATIGIKLFKKFTSKAS,CTTCCHHHHHHHHHHHHHHHHHHHHHHHHHHHHHHHHHHHHHHHHHHHTC,CCCCCHHHHHHHHHHHHHHHHHHHHHHHHHHHHHHHHHHHHHHHHHHHCC,50,False
2MJZ,g,AEGDDPAKAAFNSLQASATEYIGYAWAMVVVIVGATIGIKLFKKFTSKAS,CTTCCHHHHHHHHHHHHHHHHHHHHHHHHHHHHHHHHHHHHHHHHHHHTC,CCCCCHHHHHHHHHHHHHHHHHHHHHHHHHHHHHHHHHHHHHHHHHHHCC,50,False
2MJZ,h,AEGDDPAKAAFNSLQASATEYIGYAWAMVVVIVGATIGIKLFKKFTSKAS,CTTCCHHHHHHHHHHHHHHHHHHHHHHHHHHHHHHHHHHHHHHHHHHHTC,CCCCCHHHHHHHHHHHHHHHHHHHHHHHHHHHHHHHHHHHHHHHHHHHCC,50,False
2MJZ,i,AEGDDPAKAAFNSLQASATEYIGYAWAMVVVIVGATIGIKLFKKFTSKAS,CTTCCHHHHHHHHHHHHHHHHHHHHHHHHHHHHHHHHHHHHHHHHHHHTC,CCCCCHHHHHHHHHHHHHHHHHHHHHHHHHHHHHHHHHHHHHHHHHHHCC,50,False
2MUM,A,TLYCFCQRVSFGEMVACDGPNCKYEWFHYDCVNLKEPPKGTWYCPECKIE,CBCSSSCCBCSSCCEECCCSSCSCCEECTTTTTCCSCCSSCCCCHHHHHC,CECCCCCCECCCCCEECCCCCCCCCEECCCCCCCCCCCCCCCCCHHHHHC,50,False
2N3X,A,MNFGAFSINPAMMAAAQAALQSSWGMMGMLASQQNQSGPSGNNQNQGNMQ,CCCCSSCCCTHHHHHHHHHHTTTTHHHHHHHHTTTTCSSSCSSCSSCSCC,CCCCCCCCCCHHHHHHHHHHCCCCHHHHHHHHCCCCCCCCCCCCCCCCCC,50,False
2N4G,A,MNFGAFSINPAMMAAAQAALQSSWDMMGMLASQQNQSGPSGNNQNQGNMQ,CCCSSCSSCCHHHHHHHHHHCCCCSSSCTHHHHTCCSCTTCCCCCSSSCC,CCCCCCCCCCHHHHHHHHHHCCCCCCCCCHHHHCCCCCCCCCCCCCCCCC,50,False
2N4H,A,MNFGAFSINPAMMAAAQAALQSSWGMMGMLASRQNQSGPSGNNQNQGNMQ,CCSSTTCCCCSHHHHHHHHHHHHSCCCTTTCCCCCCSSSCSCCCSTTCCC,CCCCCCCCCCCHHHHHHHHHHHHCCCCCCCCCCCCCCCCCCCCCCCCCCC,50,False
2N71,A,AEDCVGRKACTREWYPVCGSDGVTYSNPCNFSAQQEQCDPNITIAHMGEC,CCSCCSCCCCCSCCCCEEETTTEEESSHHHHHHHHHHSCTTCCEEEESCC,CCCCCCCCCCCCCCCCEEECCCEEECCHHHHHHHHHHCCCCCCEEEECCC,50,False
2NB1,B,GSDEDTYYLQVRGRKNFEILMKLKESLELMELVPQPLVDSYRQQQQLLQR,CCCSCCEEEEECCHHHHHHHHHHHHHHHHHHHSCCHHHHHHHHHHHTTCC,CCCCCCEEEEECCHHHHHHHHHHHHHHHHHHHCCCHHHHHHHHHHHCCCC,50,False
2NB1,D,GSDEDTYYLQVRGRKNFEILMKLKESLELMELVPQPLVDSYRQQQQLLQR,CCCSCCEEEEECCHHHHHHHHHHHHHHHHHHHSCCHHHHHHHHHHHTTCC,CCCCCCEEEEECCHHHHHHHHHHHHHHHHHHHCCCHHHHHHHHHHHCCCC,50,False
2OTJ,2,MGKKSKATKKRLAKLDNQNSRVPAWVMLKTDREVQRNHKRRHWRRNDTDE,CCCCCHHHHHHHHHHHHHTSCCCHHHHHHTTCCCCCCTTCCCTTTSCCCC,CCCCCHHHHHHHHHHHHHCCCCCHHHHHHCCCCCCCCCCCCCCCCCCCCC,50,False
2OTL,2,MGKKSKATKKRLAKLDNQNSRVPAWVMLKTDREVQRNHKRRHWRRNDTDE,CCCCCHHHHHHHHHHHHHTSCCCHHHHHHTTCCCCCCTTCCCTTTCCCCC,CCCCCHHHHHHHHHHHHHCCCCCHHHHHHCCCCCCCCCCCCCCCCCCCCC,50,False
2QA4,2,MGKKSKATKKRLAKLDNQNSRVPAWVMLKTDREVQRNHKRRHWRRNDTDE,CCCCCTTHHHHHHHHHHTTSCCCHHHHHHHTCCCCCCTTCCCTTTCCCCC,CCCCCCCHHHHHHHHHHCCCCCCHHHHHHHCCCCCCCCCCCCCCCCCCCC,50,False
2QDQ,A,GAMVGGIAQIIAAQEEMLRKERELEEARKKLAQIRQQQYKFLPSELRDEH,CCCCCHHHHHHHHHHHHHHHHHHHHHHHHHHHHHHHHCCCCCCCCCCCCC,CCCCCHHHHHHHHHHHHHHHHHHHHHHHHHHHHHHHHCCCCCCCCCCCCC,50,False
2QDQ,B,GAMVGGIAQIIAAQEEMLRKERELEEARKKLAQIRQQQYKFLPSELRDEH,CCCCCCHHHHHHHHHHHHHHHHHHHHHHHHHHHHHHCCCCCCCCCCCCCC,CCCCCCHHHHHHHHHHHHHHHHHHHHHHHHHHHHHHCCCCCCCCCCCCCC,50,False
2QEX,2,MGKKSKATKKRLAKLDNQNSRVPAWVMLKTDREVQRNHKRRHWRRNDTDE,CCCCCHHHHHHHHHHHHHTSCCCHHHHHHTTCCCCCCTTCCCTTTSCCCC,CCCCCHHHHHHHHHHHHHCCCCCHHHHHHCCCCCCCCCCCCCCCCCCCCC,50,False
2RNL,A,GSSGSSGKKNPCNAEFQNFCIHGECKYIEHLEAVTCKCQQEYFGERCGEK,CCCCCCSCCCTTTTTGGGTCSSSEEEEETTTTEEEEECCSSCCSSSCCCC,CCCCCCCCCCCCCCCHHHCCCCCEEEEECCCCEEEEECCCCCCCCCCCCC,50,False
2RPJ,A,GSSGSSGEQAPGTAPCSRGSSWSADLDKCMDCASCRARPHSDFCLGCAAA,CCSSCCSCCCCSSCCCCSSEEEETTTTEEEEGGGGGTCTTCHHHHHHSCC,CCCCCCCCCCCCCCCCCCCEEEECCCCEEEEHHHHHCCCCCHHHHHHCCC,50,False
2TGF,A,VVSHFNDCPDSHTQFCFHGTCRFLVQEDKPACVCHSGYVGARCEHADLLA,CCTTTCCCCTTTCTTCSSEEEEEEGGGTEEEEEECTTEETTTTCEECSCC,CCCCCCCCCCCCCCCCCCEEEEEEHHHCEEEEEECCCEECCCCCEECCCC,50,False
2V7Q,I,VAYWRQAGLSYIRYSQICAKAVRDALKTEFKANAMKTSGSTIKIVKVKKE,CCTTTTTTCCHHHHHHHHHHHHHTTBCTTTTHHHHTSSCCCCEEECCCCC,CCCCCCCCCCHHHHHHHHHHHHHCCECCCCCHHHHCCCCCCCEEECCCCC,50,False
2WSS,I,VAYWRQAGLSYIRYSQICAKAVRDALKTEFKANAMKTSGSTIKIVKVKKE,CCSSCSSSCCHHHHHHHHHHHHTTSCCSSSCTTTTTSCCCCCCCBCCCCC,CCCCCCCCCCHHHHHHHHHHHHCCCCCCCCCCCCCCCCCCCCCCECCCCC,50,False
2WSS,R,VAYWRQAGLSYIRYSQICAKAVRDALKTEFKANAMKTSGSTIKIVKVKKE,CCSSCSSSCCHHHHHHHHHHHHTTSCCSSSCTTTTTSCCCCCCCBCCCCC,CCCCCCCCCCHHHHHHHHHHHHCCCCCCCCCCCCCCCCCCCCCCECCCCC,50,False
2WWQ,4,GIREKIKLVSSAGTGHFYTTTKNKRTKPEKLELKKFDPVVRQHVIYKEAK,CCCEEEEEEESSSSSCEEEEEECTTSCCSCCCEEEEETTTTEEEEEECCC,CCCEEEEEEECCCCCCEEEEEECCCCCCCCCCEEEEECCCCEEEEEECCC,50,False
2YS2,A,GSSGSSGNPHLLVKYHSGFFVDGKFLCCQQSCKAAPGCTLWEAYSGPSSG,CCCCCCSCSCCSCCCCSSCEETTEESSSCCSSSSCCCCCCSCCSSSCCCC,CCCCCCCCCCCCCCCCCCCEECCEECCCCCCCCCCCCCCCCCCCCCCCCC,50,False
2YVR,A,RDGERTVYCNVHKHEPLVLFCESCDTLTCRDCQLNAHKDHQYQFLEDAVR,CCCCCSCBCSSSTTCBCCEEETTTTEEECHHHHHTTTTTCCEEETTCCCC,CCCCCCCECCCCCCCECCEEECCCCEEECHHHHHCCCCCCCEEECCCCCC,50,False
2YVR,B,RDGERTVYCNVHKHEPLVLFCESCDTLTCRDCQLNAHKDHQYQFLEDAVR,CCCCCCCBCSSSTTSBCCEEETTTTEEECHHHHHTTTTTSCEEETTCCCC,CCCCCCCECCCCCCCECCEEECCCCEEECHHHHHCCCCCCCEEECCCCCC,50,False
2Z7F,I,RRKPGKCPVTYGQCLMLNPPNFCEMDGQCKRDLKCCMGMCGKSCVSPVKA,CCCSSBCCCCSCEESCSSCCCSCSSGGGSSTTCEEEEETTEEEEECCBCC,CCCCCECCCCCCEECCCCCCCCCCCHHHCCCCCEEEEECCEEEEECCECC,50,False
3BZ1,X,MIQSASSLLLTITPSLKGFFIGLLSGAVVLGLTFAVLIAISQIDKVQRSL,CCCCCCCCCCCCCHHHHHHHHHHHHHHHHHHHHHHHHHHHHTTCCCCCCC,CCCCCCCCCCCCCHHHHHHHHHHHHHHHHHHHHHHHHHHHHCCCCCCCCC,50,False
3BZ2,X,MIQSASSLLLTITPSLKGFFIGLLSGAVVLGLTFAVLIAISQIDKVQRSL,CCCCCCCCCCCCCHHHHHHHHHHHHHHHHHHHHHHHHHHHHTTCCCCCCC,CCCCCCCCCCCCCHHHHHHHHHHHHHHHHHHHHHHHHHHHHCCCCCCCCC,50,False
3CC2,2,MGKKSKATKKRLAKLDNQNSRVPAWVMLKTDREVQRNHKRRHWRRNDTDE,CCCCCHHHHHHHHHHHHHTSCCCHHHHHHTTCCCCCCTTCCCTTTSCCCC,CCCCCHHHHHHHHHHHHHCCCCCHHHHHHCCCCCCCCCCCCCCCCCCCCC,50,False
3CC4,2,MGKKSKATKKRLAKLDNQNSRVPAWVMLKTDREVQRNHKRRHWRRNDTDE,CCCCCHHHHHHHHHHHHHTSCCCHHHHHHTTCCCCCCTTCCCTTTSCCCC,CCCCCHHHHHHHHHHHHHCCCCCHHHHHHCCCCCCCCCCCCCCCCCCCCC,50,False
3CC7,2,MGKKSKATKKRLAKLDNQNSRVPAWVMLKTDREVQRNHKRRHWRRNDTDE,CCCCCHHHHHHHHHHHHHTSCCCHHHHHHTTCCCCCCTTCCCTTTSCCCC,CCCCCHHHHHHHHHHHHHCCCCCHHHHHHCCCCCCCCCCCCCCCCCCCCC,50,False
3CCE,2,MGKKSKATKKRLAKLDNQNSRVPAWVMLKTDREVQRNHKRRHWRRNDTDE,CCCCCHHHHHHHHHHHHHTSCCCHHHHHHHTCCCCCCTTCCCTTTSCCCC,CCCCCHHHHHHHHHHHHHCCCCCHHHHHHHCCCCCCCCCCCCCCCCCCCC,50,False
3CCJ,2,MGKKSKATKKRLAKLDNQNSRVPAWVMLKTDREVQRNHKRRHWRRNDTDE,CCCCCHHHHHHHHHHHHHTSCCCHHHHHTTTCCCCCCSCCCCTTTCCCCC,CCCCCHHHHHHHHHHHHHCCCCCHHHHHCCCCCCCCCCCCCCCCCCCCCC,50,False
3CCL,2,MGKKSKATKKRLAKLDNQNSRVPAWVMLKTDREVQRNHKRRHWRRNDTDE,CCCCCHHHHHHHHHHHHHTSCCCHHHHHHHTCCCCCCTTCCCTTTSCCCC,CCCCCHHHHHHHHHHHHHCCCCCHHHHHHHCCCCCCCCCCCCCCCCCCCC,50,False
3CCM,2,MGKKSKATKKRLAKLDNQNSRVPAWVMLKTDREVQRNHKRRHWRRNDTDE,CCCCCHHHHHHHHHHHHHSSCCCHHHHHHTTCCCCCCTTCCCTTTSCCCC,CCCCCHHHHHHHHHHHHHCCCCCHHHHHHCCCCCCCCCCCCCCCCCCCCC,50,False
3CCQ,2,MGKKSKATKKRLAKLDNQNSRVPAWVMLKTDREVQRNHKRRHWRRNDTDE,CCCCCHHHHHHHHHHHHHTSCCCHHHHHHHTCCCCCCTTCCCTTTSCCCC,CCCCCHHHHHHHHHHHHHCCCCCHHHHHHHCCCCCCCCCCCCCCCCCCCC,50,False
3CCR,2,MGKKSKATKKRLAKLDNQNSRVPAWVMLKTDREVQRNHKRRHWRRNDTDE,CCCCCHHHHHHHHHHHHTTSCCCHHHHHHHTCCCCCCTTCCCTTTSCCCC,CCCCCHHHHHHHHHHHHCCCCCCHHHHHHHCCCCCCCCCCCCCCCCCCCC,50,False
3CCS,2,MGKKSKATKKRLAKLDNQNSRVPAWVMLKTDREVQRNHKRRHWRRNDTDE,CCCCCHHHHHHHHHHHHTTSCCCHHHHHHHTCCCCCCTTCCCTTTCCCCC,CCCCCHHHHHHHHHHHHCCCCCCHHHHHHHCCCCCCCCCCCCCCCCCCCC,50,False
3CCU,2,MGKKSKATKKRLAKLDNQNSRVPAWVMLKTDREVQRNHKRRHWRRNDTDE,CCCCCHHHHHHHHHHHHHTSCCCHHHHHHHTCCCCCCTTCCCTTTSCCCC,CCCCCHHHHHHHHHHHHHCCCCCHHHHHHHCCCCCCCCCCCCCCCCCCCC,50,False
3CCV,2,MGKKSKATKKRLAKLDNQNSRVPAWVMLKTDREVQRNHKRRHWRRNDTDE,CCCCCHHHHHHHHHHHHHTSCCCHHHHHHHTCCCCCCTTCCCTTTSCCCC,CCCCCHHHHHHHHHHHHHCCCCCHHHHHHHCCCCCCCCCCCCCCCCCCCC,50,False
3CD6,2,MGKKSKATKKRLAKLDNQNSRVPAWVMLKTDREVQRNHKRRHWRRNDTDE,CCCCCHHHHHHHHHHHHHTSCCCHHHHHHTTCCCCCCTTCCCTTTSCCCC,CCCCCHHHHHHHHHHHHHCCCCCHHHHHHCCCCCCCCCCCCCCCCCCCCC,50,False
3CMA,2,MGKKSKATKKRLAKLDNQNSRVPAWVMLKTDREVQRNHKRRHWRRNDTDE,CCCCCHHHHHHHHHHHHHSSCCCHHHHHHTTCCCCCCTTCCCTTTSCCCC,CCCCCHHHHHHHHHHHHHCCCCCHHHHHHCCCCCCCCCCCCCCCCCCCCC,50,False
3CME,2,MGKKSKATKKRLAKLDNQNSRVPAWVMLKTDREVQRNHKRRHWRRNDTDE,CCCCCHHHHHHHHHHHHHTSCCCHHHHHHTTCCCCCCTTCCCTTTCCCCC,CCCCCHHHHHHHHHHHHHCCCCCHHHHHHCCCCCCCCCCCCCCCCCCCCC,50,False
3CPW,1,MGKKSKATKKRLAKLDNQNSRVPAWVMLKTDREVQRNHKRRHWRRNDTDE,CCCCCHHHHHHHHHHHHHTSCCCHHHHHHTTCCCCCCTTCCCTTTCCCCC,CCCCCHHHHHHHHHHHHHCCCCCHHHHHHCCCCCCCCCCCCCCCCCCCCC,50,False
3E50,C,VVSHFNDCPDSHTQFCFHGTCRFLVQEDKPACVCHSGYVGARCEHADLLA,CBSCCCCCCCCCCCCCCCCCCCCCCCCCCCCCCCCCCCCCCCCCCCCCCC,CECCCCCCCCCCCCCCCCCCCCCCCCCCCCCCCCCCCCCCCCCCCCCCCC,50,False
3E50,D,VVSHFNDCPDSHTQFCFHGTCRFLVQEDKPACVCHSGYVGARCEHADLLA,CBCCCCCCCCCBCCCCCCCCCCCCCCCCCCCCCCCCCCCCCCCCCCCCCC,CECCCCCCCCCECCCCCCCCCCCCCCCCCCCCCCCCCCCCCCCCCCCCCC,50,False
3E90,A,MGTDMWIERTADISWESDAEITGSSERVDVRLDDDGNFQLMNDPGAGGGG,CCCCEEEEEEECCCCCTTCEECCCCCEEECEECTTSCEECTTSTTCSCCC,CCCCEEEEEEECCCCCCCCEECCCCCEEECEECCCCCEECCCCCCCCCCC,50,False
3E90,C,MGTDMWIERTADISWESDAEITGSSERVDVRLDDDGNFQLMNDPGAGGGG,CCCSEEEEEEECCCCCTTCCBCCCCCEEEEEECTTSCEEECCCCCCCCCC,CCCCEEEEEEECCCCCCCCCECCCCCEEEEEECCCCCEEECCCCCCCCCC,50,False
3EAB,G,QVDMLLQEMADEAGLDLNMELPQGQTGSVGTSVASAEQDELSQRLARLRD,CCCHHHHHHHHHTTCCCCCCCCCCCCHHHHHHHHHHHHHHHHHHHHTTCC,CCCHHHHHHHHHCCCCCCCCCCCCCCHHHHHHHHHHHHHHHHHHHHCCCC,50,False
3EAB,H,QVDMLLQEMADEAGLDLNMELPQGQTGSVGTSVASAEQDELSQRLARLRD,CCCHHHHHHHHHTTCCCCCCCCCCCCHHHHHHHHHHHHHHHHHHHHHHTC,CCCHHHHHHHHHCCCCCCCCCCCCCCHHHHHHHHHHHHHHHHHHHHHHCC,50,False
3EAB,I,QVDMLLQEMADEAGLDLNMELPQGQTGSVGTSVASAEQDELSQRLARLRD,CCCHHHHHHHHHHTCCCCCCCCCCCCCHHHHHHHHHHHHHHHHHHHHHCC,CCCHHHHHHHHHHCCCCCCCCCCCCCCHHHHHHHHHHHHHHHHHHHHHCC,50,False
3EAB,J,QVDMLLQEMADEAGLDLNMELPQGQTGSVGTSVASAEQDELSQRLARLRD,CCCHHHHHHHTSSCCCCCCCCCCCCCCHHHHHHHHHHHHHHHHHTCCCCC,CCCHHHHHHHCCCCCCCCCCCCCCCCCHHHHHHHHHHHHHHHHHCCCCCC,50,False
3EAB,K,QVDMLLQEMADEAGLDLNMELPQGQTGSVGTSVASAEQDELSQRLARLRD,CCCHHHHHHHHHTTCCCCCCCCCCCCCHHHHHHHHHHHHHHHHHHGGGCC,CCCHHHHHHHHHCCCCCCCCCCCCCCCHHHHHHHHHHHHHHHHHHHHHCC,50,False
3EAB,L,QVDMLLQEMADEAGLDLNMELPQGQTGSVGTSVASAEQDELSQRLARLRD,CCCHHHHHHHHHTTCCCCCCCCCCCCCHHHHHHHHHHHHHHHHHHHTCCC,CCCHHHHHHHHHCCCCCCCCCCCCCCCHHHHHHHHHHHHHHHHHHHCCCC,50,False
3FIK,1,GIREKIKLVSSAGTGHFYTTTKNKRTKPEKLELKKFDPVVRQHVIYKEAK,CCSCEEEECBSSCSSCCEEEECCTTTCCCCCCEEEEETTTTEEEEECCCC,CCCCEEEECECCCCCCCEEEECCCCCCCCCCCEEEEECCCCEEEEECCCC,50,False
3FIN,4,MKEGIHPKLVPARIICGCGNVIETYSTKPEIYVEVCSKCHPFYTGQQRFV,CCGGGCCCCTTTTTCTTSCGGGSCSSSSCCSSCCSCCCCCSSSCCCSCCC,CCHHHCCCCCCCCCCCCCCHHHCCCCCCCCCCCCCCCCCCCCCCCCCCCC,50,False
3G4S,2,MGKKSKATKKRLAKLDNQNSRVPAWVMLKTDREVQRNHKRRHWRRNDTDE,CCCCCHHHHHHHHHHHHTTSCCCHHHHHHHTCCCCCCSSCCCTTTCCCCC,CCCCCHHHHHHHHHHHHCCCCCCHHHHHHHCCCCCCCCCCCCCCCCCCCC,50,False
3G6E,2,MGKKSKATKKRLAKLDNQNSRVPAWVMLKTDREVQRNHKRRHWRRNDTDE,CCCCCHHHHHHHHHHHHHTSCCCHHHHHHTTCCCCCCTTCCCTTTSCCCC,CCCCCHHHHHHHHHHHHHCCCCCHHHHHHCCCCCCCCCCCCCCCCCCCCC,50,False
3G71,2,MGKKSKATKKRLAKLDNQNSRVPAWVMLKTDREVQRNHKRRHWRRNDTDE,CCCCCHHHHHHHHHHHHTTSCCCHHHHHHTTCCCCCCTTCCCTTTSCCCC,CCCCCHHHHHHHHHHHHCCCCCCHHHHHHCCCCCCCCCCCCCCCCCCCCC,50,False
3I55,2,MGKKSKATKKRLAKLDNQNSRVPAWVMLKTDREVQRNHKRRHWRRNDTDE,CCCCCHHHHHHHHHHHHTTSCCCHHHHHHTTCCCCCCTTCCCTTTSCCCC,CCCCCHHHHHHHHHHHHCCCCCCHHHHHHCCCCCCCCCCCCCCCCCCCCC,50,False
3I56,2,MGKKSKATKKRLAKLDNQNSRVPAWVMLKTDREVQRNHKRRHWRRNDTDE,CCCCCHHHHHHHHHHHHHTSCCCHHHHHHTTCCCCCCTTCCCTTTSCCCC,CCCCCHHHHHHHHHHHHHCCCCCHHHHHHCCCCCCCCCCCCCCCCCCCCC,50,False
3IM3,A,SLRECELYVQKHNIQALLKDSIVQLCTARPERPMAFLREYFEKLEKEEAK,CHHHHHHHHHHTTHHHHHHHHHHHHHHHCCSCHHHHHHHHHHHHHHHHHC,CHHHHHHHHHHCCHHHHHHHHHHHHHHHCCCCHHHHHHHHHHHHHHHHHC,50,False
3IM4,A,SLRECELYVQKHNIQALLKDSIVQLCTARPERPMAFLREYFEKLEKEEAK,CHHHHHHHHHHTTHHHHHHHHHHHHHHHCCSCHHHHHHHHHHHHHHHTTC,CHHHHHHHHHHCCHHHHHHHHHHHHHHHCCCCHHHHHHHHHHHHHHHCCC,50,False
3IM4,B,SLRECELYVQKHNIQALLKDSIVQLCTARPERPMAFLREYFEKLEKEEAK,CHHHHHHHHHHTTHHHHHHHHHHHHHHHCCSCHHHHHHHHHHHHHHTTCC,CHHHHHHHHHHCCHHHHHHHHHHHHHHHCCCCHHHHHHHHHHHHHHCCCC,50,False
3J19,1,GIREKIKLVSSAGTGHFYTTTKNKRTKPEKLELKKFDPVVRQHVIYKEAK,CCCEEEEEEESSSSCCEEEEEECGGGCCSCCCEEEEETTTTEEEEEECCC,CCCEEEEEEECCCCCCEEEEEECHHHCCCCCCEEEEECCCCEEEEEECCC,50,False
3J20,Y,MGQKWKLYEIKDGKVIRKNKFCPRCGPGVFMADHGDRWACGKCGYTEWKK,CCCCCCCCEECSSCEECSSEECSSSCSSCEEEECSSEEECSSSCCEEECC,CCCCCCCCEECCCCEECCCEECCCCCCCCEEEECCCEEECCCCCCEEECC,50,False
3J43,Y,MGQKWKLYEIKDGKVIRKNKFCPRCGPGVFMADHGDRWACGKCGYTEWKK,CCCCCCCCCCCSSSCCCSSCBCSSSCTTCBCEESSSEEEETTTTEEEECC,CCCCCCCCCCCCCCCCCCCCECCCCCCCCECEECCCEEEECCCCEEEECC,50,False
3J5L,1,GIREKIKLVSSAGTGHFYTTTKNKRTKPEKLELKKFDPVVRQHVIYKEAK,CCCEEEEEEESSSSCCEEEEEECTTTCCSCCCEEEEETTTTEEEEEECCC,CCCEEEEEEECCCCCCEEEEEECCCCCCCCCCEEEEECCCCEEEEEECCC,50,False
3J5O,H,MQVILLDKVANLGSLGDQVNVKAGYARNFLVPQGKAVPATKKNIEFFEAR,CCCEESSCCGGGCCSSCBCCCCHHHHHHTTGGGTSEECCCSSTTTTSSCC,CCCEECCCCHHHCCCCCECCCCHHHHHHCCHHHCCEECCCCCCCCCCCCC,50,False
3J5S,H,GIREKIKLVSSAGTGHFYTTTKNKRTKPEKLELKKFDPVVRQHVIYKEAK,CCCCEEEEEBSSSCSSEEEEECCTTTCCSCCCEEEEETTTTEEEEECCCC,CCCCEEEEEECCCCCCEEEEECCCCCCCCCCCEEEEECCCCEEEEECCCC,50,False
3JYV,N,NVWFSHPRRFGKGSRQCRVCSSHTGLVRKYDLNICRQCFREKANDIGFHK,CTTSSCCSSSSSSCCCCSSSCCCSSCCSSCSCSSSSHHHHHHHHHSCCCC,CCCCCCCCCCCCCCCCCCCCCCCCCCCCCCCCCCCCHHHHHHHHHCCCCC,50,False
3MON,B,GEWEIIDIGPFTQNLGKFAVDEENKIGQYGRLTFNKVIRPCMKKTIYENE,CBCCEECTTHHHHHHHHHHHHHHHHHCTTSCCCEEEEEEEEEEEEECSCC,CECCEECCCHHHHHHHHHHHHHHHHHCCCCCCCEEEEEEEEEEEEECCCC,50,False
3MON,D,GEWEIIDIGPFTQNLGKFAVDEENKIGQYGRLTFNKVIRPCMKKTIYENE,CEEEEECCSHHHHHHHHHHHHHHHHHCTTCCCCEEEEEEEEEEEEECCCC,CEEEEECCCHHHHHHHHHHHHHHHHHCCCCCCCEEEEEEEEEEEEECCCC,50,False
3MON,F,GEWEIIDIGPFTQNLGKFAVDEENKIGQYGRLTFNKVIRPCMKKTIYENE,CCEEEECCSHHHHHHHHHHHHHHHTTCTTCCCCEEEEEEEEEEECBSSCC,CCEEEECCCHHHHHHHHHHHHHHHCCCCCCCCCEEEEEEEEEEECECCCC,50,False
3MON,H,GEWEIIDIGPFTQNLGKFAVDEENKIGQYGRLTFNKVIRPCMKKTIYENE,CCEEECCCSHHHHHHHHHHHHHHHHSCTTSCCCEEEEEEEEEEEEEECCC,CCEEECCCCHHHHHHHHHHHHHHHHCCCCCCCCEEEEEEEEEEEEEECCC,50,False
3NGG,A,KDRPKKPGLCPPRPQKPCVKECKNDDSCPGQQKCCNYGCKDECRDPIFVG,CCCCCCSSBCCCCCSCSCCBCCSSGGGSSTTCEEEECSSCEEEECCBCCC,CCCCCCCCECCCCCCCCCCECCCCHHHCCCCCEEEECCCCEEEECCECCC,50,False
3NGG,B,KDRPKKPGLCPPRPQKPCVKECKNDDSCPGQQKCCNYGCKDECRDPIFVG,CCCCCCSSBCCCCCCCSCCBCCSSGGGSSTTCEEEECSSCEEEECCBCCC,CCCCCCCCECCCCCCCCCCECCCCHHHCCCCCEEEECCCCEEEECCECCC,50,False
3OAS,1,GIREKIKLVSSAGTGHFYTTTKNKRTKPEKLELKKFDPVVRQHVIYKEAK,CCSEEECCBCSSSCCCBCCEEECTTTCCSCCCCCCCCTTTSSCCCCBCCC,CCCEEECCECCCCCCCECCEEECCCCCCCCCCCCCCCCCCCCCCCCECCC,50,False
3OAT,1,GIREKIKLVSSAGTGHFYTTTKNKRTKPEKLELKKFDPVVRQHVIYKEAK,CCSEEEEEEESSSSCCEEEEEECSSSCCSCCCEEEEETTTTEEEEEECCC,CCCEEEEEEECCCCCCEEEEEECCCCCCCCCCEEEEECCCCEEEEEECCC,50,False
3OFC,1,GIREKIKLVSSAGTGHFYTTTKNKRTKPEKLELKKFDPVVRQHVIYKEAK,CCSEEEECEESSSSCCCCEEEECTTTCCSCCCEEEEETTTTEEEEEECCC,CCCEEEECEECCCCCCCCEEEECCCCCCCCCCEEEEECCCCEEEEEECCC,50,False
3OFD,1,GIREKIKLVSSAGTGHFYTTTKNKRTKPEKLELKKFDPVVRQHVIYKEAK,CCSEEECCBCSSSCCCBCCEEECTTTCCSCCCCCCCCTTTSSCCCCBCCC,CCCEEECCECCCCCCCECCEEECCCCCCCCCCCCCCCCCCCCCCCCECCC,50,False
3OFQ,1,GIREKIKLVSSAGTGHFYTTTKNKRTKPEKLELKKFDPVVRQHVIYKEAK,CCSEEECCBCSSSCCCBCCEEECTTTCCSCCCCCEECTTTSSEECCBCCC,CCCEEECCECCCCCCCECCEEECCCCCCCCCCCCEECCCCCCEECCECCC,50,False
3OFR,1,GIREKIKLVSSAGTGHFYTTTKNKRTKPEKLELKKFDPVVRQHVIYKEAK,CCCEEEEEEESSSSCCEEEEEECTTTCCSCCCEEEEETTTTEEEEEECCC,CCCEEEEEEECCCCCCEEEEEECCCCCCCCCCEEEEECCCCEEEEEECCC,50,False
3OFZ,1,GIREKIKLVSSAGTGHFYTTTKNKRTKPEKLELKKFDPVVRQHVIYKEAK,CCSEEEECEESSSSCCCCEEEECTTTCCSCCCEEEEETTTTEEEEEECCC,CCCEEEECEECCCCCCCCEEEECCCCCCCCCCEEEEECCCCEEEEEECCC,50,False
3OG0,1,GIREKIKLVSSAGTGHFYTTTKNKRTKPEKLELKKFDPVVRQHVIYKEAK,CCSEEECCBCSSSCCCCCCEEECTTTCCSCCCCCBCCTTTSSCBCCBCCC,CCCEEECCECCCCCCCCCCEEECCCCCCCCCCCCECCCCCCCCECCECCC,50,False
3QF7,C,KEELDKLDYFELFKEYLKKREENHEKLLKILDELLDEVKKSEAGHHHHHH,CCCCCCCCHHHHHHHHHHTTCTTHHHHHHHHHHHHHHHHHCCCCCCCCCC,CCCCCCCCHHHHHHHHHHCCCCCHHHHHHHHHHHHHHHHHCCCCCCCCCC,50,False
3QF7,D,KEELDKLDYFELFKEYLKKREENHEKLLKILDELLDEVKKSEAGHHHHHH,CCCCCCCCHHHHHHHHHHHHCTTHHHHHHHHHHHHHHHHHCCCCCCCCCC,CCCCCCCCHHHHHHHHHHHHCCCHHHHHHHHHHHHHHHHHCCCCCCCCCC,50,False
3R8S,1,GIREKIKLVSSAGTGHFYTTTKNKRTKPEKLELKKFDPVVRQHVIYKEAK,CCCEEEEEEESSSSCCEEEEEECGGGCCSCCCEEEEETTTTEEEEEECCC,CCCEEEEEEECCCCCCEEEEEECHHHCCCCCCEEEEECCCCEEEEEECCC,50,False
3R8T,1,GIREKIKLVSSAGTGHFYTTTKNKRTKPEKLELKKFDPVVRQHVIYKEAK,CCCEEEEEEESSSCCCEEEEEECTTTCCSCCCEEEEETTTTEEEEEECCC,CCCEEEEEEECCCCCCEEEEEECCCCCCCCCCEEEEECCCCEEEEEECCC,50,False
3TGF,A,VVSHFNDCPDSHTQFCFHGTCRFLVQEDKPACVCHSGYVGARCEHADLLA,CTTTTCCCCSBTCSSCTBEEEEEEGGGTEEEEEECTTEETTTTCEESSCC,CCCCCCCCCCECCCCCCEEEEEEEHHHCEEEEEECCCEECCCCCEECCCC,50,False
3TVT,B,DHSASGNQSDGSENSQGRMVRVRRQDMEQLDLIKITPDGKRMQEEKLRAQ,CCCCCCCCCCCCCCCCCCCCCCCCGGGGGCEEECCCCCCCCCCCCCCCCC,CCCCCCCCCCCCCCCCCCCCCCCCHHHHHCEEECCCCCCCCCCCCCCCCC,50,False
3ZWL,E,GSHMEADTAMRDLILHQRELLKQWTEYREKIGQEMEKSMNFKIFDVQPED,CCCCCCCCCCCCHHHHHHHHHHHHHHHHHHHHHHHHHHHCCCCCSSCCCC,CCCCCCCCCCCCHHHHHHHHHHHHHHHHHHHHHHHHHHHCCCCCCCCCCC,50,False
3ZWL,F,GSHMEADTAMRDLILHQRELLKQWTEYREKIGQEMEKSMNFKIFDVQPED,CCCCCCCCCCCCHHHHHHHHHHHHHHHHHHHHHHHHHHHCCCCCSSCCCC,CCCCCCCCCCCCHHHHHHHHHHHHHHHHHHHHHHHHHHHCCCCCCCCCCC,50,False
4ASU,I,VAYWRQAGLSYIRYSQICAKAVRDALKTEFKANAMKTSGSTIKIVKVKKE,CCCCCCCCCCHHHHHHHHHHHHTTCCCCCCCCCCCCCCCCCCEECCCCCC,CCCCCCCCCCHHHHHHHHHHHHCCCCCCCCCCCCCCCCCCCCEECCCCCC,50,False
4BYN,l,AAQKSFRIKQKMAKAKKQNRPLPQWIRLRTNNTIRYNAKRRNWRRTKMNI,CCSCCHHHHHHHHHHHHTCSCCCGGGGGSTTCCCCSCSSCCCTTTCCCCC,CCCCCHHHHHHHHHHHHCCCCCCHHHHHCCCCCCCCCCCCCCCCCCCCCC,50,False
4BYU,l,AAQKSFRIKQKMAKAKKQNRPLPQWIRLRTNNTIRYNAKRRNWRRTKMNI,CCSCCHHHHHHHHHHHHTCSCCCGGGGGSTTCCCCSCSSCCCTTTCCCCC,CCCCCHHHHHHHHHHHHCCCCCCHHHHHCCCCCCCCCCCCCCCCCCCCCC,50,False
4HUB,2,MGKKSKATKKRLAKLDNQNSRVPAWVMLKTDREVQRNHKRRHWRRNDTDE,CCCCCHHHHHHHHHHHHTTCCCCHHHHHHTTTSCCCCTTCCCTTTSCCCC,CCCCCHHHHHHHHHHHHCCCCCCHHHHHHCCCCCCCCCCCCCCCCCCCCC,50,False
4JMF,A,EARQVATPREAQQLAQRQEAPKGEGLLSRLGAALARPFVAIIEWLGKLLG,CEEEECCCHHHHHHTTCCCCCCCTTHHHHHCEEECCCCHHHHHHHHHHHC,CEEEECCCHHHHHHCCCCCCCCCCCHHHHHCEEECCCCHHHHHHHHHHHC,50,False
4KBU,6,VRIKLLLECTECKRRNYATEKNKRNTPNKLELRKYCPWCRKHTVHREVKI,CCSSCEEEEECTTTCCEEEEECCTTSSCCSCCCCCCCSSSSSCCCCCCCC,CCCCCEEEEECCCCCCEEEEECCCCCCCCCCCCCCCCCCCCCCCCCCCCC,50,False
4KBW,6,VRIKLLLECTECKRRNYATEKNKRNTPNKLELRKYCPWCRKHTVHREVKI,CCSSCEEECCCTTTCCCCEEECCSSSSCCCCCCCCCCSSSSSCCCCCCCC,CCCCCEEECCCCCCCCCCEEECCCCCCCCCCCCCCCCCCCCCCCCCCCCC,50,False
4KCZ,6,VRIKLLLECTECKRRNYATEKNKRNTPNKLELRKYCPWCRKHTVHREVKI,CCSSCEEEEECSSSCCEEEEECCSTTTCCSCBCCBCCSSSSCBCCEEECC,CCCCCEEEEECCCCCCEEEEECCCCCCCCCCECCECCCCCCCECCEEECC,50,False
4KD2,6,VRIKLLLECTECKRRNYATEKNKRNTPNKLELRKYCPWCRKHTVHREVKI,CCSSCCCEEECSSSCCCEECCCCCSSSCCCCCCCBCCSSSSCBCCEEECC,CCCCCCCEEECCCCCCCEECCCCCCCCCCCCCCCECCCCCCCECCEEECC,50,False
4KD9,6,VRIKLLLECTECKRRNYATEKNKRNTPNKLELRKYCPWCRKHTVHREVKI,CTTTCCCEEECSSSCCCEECCCCSTTTCCCCCCCCCCSSSSSCCCEEECC,CCCCCCCEEECCCCCCCEECCCCCCCCCCCCCCCCCCCCCCCCCCEEECC,50,False
4KDB,6,VRIKLLLECTECKRRNYATEKNKRNTPNKLELRKYCPWCRKHTVHREVKI,CTTTCEECCBCSSSCCBCCEECCSTTTCCCCCCCCCCSSSSCCCCBCCCC,CCCCCEECCECCCCCCECCEECCCCCCCCCCCCCCCCCCCCCCCCECCCC,50,False
4KDH,6,VRIKLLLECTECKRRNYATEKNKRNTPNKLELRKYCPWCRKHTVHREVKI,CTTTCCCEEECSSSCCCCBCCCCSTTTCCCCCCCCCCSSSSCCCCEEECC,CCCCCCCEEECCCCCCCCECCCCCCCCCCCCCCCCCCCCCCCCCCEEECC,50,False
4KDK,6,VRIKLLLECTECKRRNYATEKNKRNTPNKLELRKYCPWCRKHTVHREVKI,CTTTCEEEEECSSSCCEEEEECCSTTTCSCCCCCCCCSSSSCCCCBCCCC,CCCCCEEEEECCCCCCEEEEECCCCCCCCCCCCCCCCCCCCCCCCECCCC,50,False
4KIX,H,MQVILLDKVANLGSLGDQVNVKAGYARNFLVPQGKAVPATKKNIEFFEAR,CCCEESSCCGGGCCSSCBCCCCHHHHHHTTGGGTSEECCCSSTTTTSSCC,CCCEECCCCHHHCCCCCECCCCHHHHHHCCHHHCCEECCCCCCCCCCCCC,50,False
4KIZ,H,MQVILLDKVANLGSLGDQVNVKAGYARNFLVPQGKAVPATKKNIEFFEAR,CCCEECSCCSTTCCSSCBCCCCHHHHTTTTTTTTSEECCCSSTTTTSSCC,CCCEECCCCCCCCCCCCECCCCHHHHCCCCCCCCCEECCCCCCCCCCCCC,50,False
4KJ1,H,MQVILLDKVANLGSLGDQVNVKAGYARNFLVPQGKAVPATKKNIEFFEAR,CCCEECSCCGGGCCSSCBCCCCHHHHHHTTTTTTSEECCCSSSTTTSSCC,CCCEECCCCHHHCCCCCECCCCHHHHHHCCCCCCCEECCCCCCCCCCCCC,50,False
4KJ3,H,MQVILLDKVANLGSLGDQVNVKAGYARNFLVPQGKAVPATKKNIEFFEAR,CCCEECSCCGGGCSSSCBCCCCHHHHTTTTGGGTSEECCCSSHHHHTTCC,CCCEECCCCHHHCCCCCECCCCHHHHCCCCHHHCCEECCCCCHHHHCCCC,50,False
4KJ5,H,MQVILLDKVANLGSLGDQVNVKAGYARNFLVPQGKAVPATKKNIEFFEAR,CCCEESSCCGGGCCSSCBCCCCHHHHTTTTTTTTSEECCCSSGGGTTTCC,CCCEECCCCHHHCCCCCECCCCHHHHCCCCCCCCCEECCCCCHHHCCCCC,50,False
4KJ7,H,MQVILLDKVANLGSLGDQVNVKAGYARNFLVPQGKAVPATKKNIEFFEAR,CCCEECSSCSTTCCSSCCCCCCHHHHTTTTTTTTSEECCCSSHHHHTTCC,CCCEECCCCCCCCCCCCCCCCCHHHHCCCCCCCCCEECCCCCHHHHCCCC,50,False
4KJ9,H,MQVILLDKVANLGSLGDQVNVKAGYARNFLVPQGKAVPATKKNIEFFEAR,CCCEECSCCGGGCCSSCBCCCCHHHHTTTTTTTTSEECCCSSGGGTSSCC,CCCEECCCCHHHCCCCCECCCCHHHHCCCCCCCCCEECCCCCHHHCCCCC,50,False
4KJB,H,MQVILLDKVANLGSLGDQVNVKAGYARNFLVPQGKAVPATKKNIEFFEAR,CCCEESSCCTTTCCSSCBCCCCHHHHTTTTTTTTSEECCCSSHHHHTTCC,CCCEECCCCCCCCCCCCECCCCHHHHCCCCCCCCCEECCCCCHHHHCCCC,50,False
4MON,B,GEWEIIDIGPFTQNLGKFAVDEENKIGQYGRLTFNKVIRPCMKKTIYENE,CEEEEECCSHHHHHHHHHHHHHTTTTCTTCSCCEEEECSCEEEEEEECCC,CEEEEECCCHHHHHHHHHHHHHCCCCCCCCCCCEEEECCCEEEEEEECCC,50,False
4MON,D,GEWEIIDIGPFTQNLGKFAVDEENKIGQYGRLTFNKVIRPCMKKTIYENE,CEEEEECCSHHHHHHHHHHHHHHHHHCSSCCCCEEEECSCEEEEEBCCCC,CEEEEECCCHHHHHHHHHHHHHHHHHCCCCCCCEEEECCCEEEEEECCCC,50,False
4N6J,A,STMDWEVERAELQARIAMLQGERKGQENLKKDLVRRIKMLEMALKQERAK,CCHHHHHHHHHHHHHHHHHHHHHHHHHHHHHHHHHHHHHHHHHHHHHHCC,CCHHHHHHHHHHHHHHHHHHHHHHHHHHHHHHHHHHHHHHHHHHHHHHCC,50,False
4N6J,B,STMDWEVERAELQARIAMLQGERKGQENLKKDLVRRIKMLEMALKQERAK,CCCHHHHHHHHHHHHHHHHHHTHHHHHHHHHHHHHHHHHHHHHHHHHHCC,CCCHHHHHHHHHHHHHHHHHHCHHHHHHHHHHHHHHHHHHHHHHHHHHCC,50,False
4PEB,1,GIREKIKLVSSAGTGHFYTTTKNKRTKPEKLELKKFDPVVRQHVIYKEAK,CCCEEECCEESSSSCCBCCEEECTTTCCSCCCEEEEETTTTEEEEEECCC,CCCEEECCEECCCCCCECCEEECCCCCCCCCCEEEEECCCCEEEEEECCC,50,False
4PEC,1,GIREKIKLVSSAGTGHFYTTTKNKRTKPEKLELKKFDPVVRQHVIYKEAK,CCCBCCCCEESSSCSCBCCCCBCTTTCCSCCCEEEEETTTTEEEEEECCC,CCCECCCCEECCCCCCECCCCECCCCCCCCCCEEEEECCCCEEEEEECCC,50,False
4PKY,B,GEFEVLALQASLRKAQMQNHSLEMTLEQKTKEIDELTRICDDLISKMEKI,CCHHHHHHHHHHHHHHHHHHHHHHHHHHHHHHHHHHHHHHHHHHHHHHHC,CCHHHHHHHHHHHHHHHHHHHHHHHHHHHHHHHHHHHHHHHHHHHHHHHC,50,False
4PKY,C,GEFEVLALQASLRKAQMQNHSLEMTLEQKTKEIDELTRICDDLISKMEKI,CCHHHHHHHHHHHHHHHHHHHHHHHHHHHHHHHHHHHHHHHHHHHHHCCC,CCHHHHHHHHHHHHHHHHHHHHHHHHHHHHHHHHHHHHHHHHHHHHHCCC,50,False
4PKY,E,GEFEVLALQASLRKAQMQNHSLEMTLEQKTKEIDELTRICDDLISKMEKI,CCHHHHHHHHHHHHHHHHHHHHHHHHHHHHHHHHHHHHHHHHHHHHHHHC,CCHHHHHHHHHHHHHHHHHHHHHHHHHHHHHHHHHHHHHHHHHHHHHHHC,50,False
4PKY,F,GEFEVLALQASLRKAQMQNHSLEMTLEQKTKEIDELTRICDDLISKMEKI,CCTHHHHHHHHHHHHHHHHHHHHHHHHHHHHHHHHHHHHHHHHHHHTTCC,CCCHHHHHHHHHHHHHHHHHHHHHHHHHHHHHHHHHHHHHHHHHHHCCCC,50,False
4QS1,6,VRIKLLLECTECKRRNYATEKNKRNTPNKLELRKYCPWCRKHTVHREVKI,CCSSCCCEEBCTTTCCCEECCCCCSSCCCCCCCCCCCSSSSSCCCBCCCC,CCCCCCCEEECCCCCCCEECCCCCCCCCCCCCCCCCCCCCCCCCCECCCC,50,False
4QS3,6,VRIKLLLECTECKRRNYATEKNKRNTPNKLELRKYCPWCRKHTVHREVKI,CTTSCCCBCBCSSSCCCCBCCCCSSSSCCCCBCCBCCSSSSCBCCBCCCC,CCCCCCCECECCCCCCCCECCCCCCCCCCCCECCECCCCCCCECCECCCC,50,False
4TGF,A,VVSHFNDCPDSHTQFCFHGTCRFLVQEDKPACVCHSGYVGARCEHADLLA,CCCSCCSCCSSSSCSCTTSEEEEETTTTEEEEECCTTEESTTSCEECSCC,CCCCCCCCCCCCCCCCCCCEEEEECCCCEEEEECCCCEECCCCCEECCCC,50,False
4TOM,1,GIREKIKLVSSAGTGHFYTTTKNKRTKPEKLELKKFDPVVRQHVIYKEAK,CCCEEECCEESSSSCCBCCEEECTTTCCSCCCEEEEETTTTEEEEEECCC,CCCEEECCEECCCCCCECCEEECCCCCCCCCCEEEEECCCCEEEEEECCC,50,False
4TOO,1,GIREKIKLVSSAGTGHFYTTTKNKRTKPEKLELKKFDPVVRQHVIYKEAK,CCCEEEEEEESSSCSCEEEEEECTTTCCSCCCEEEECTTTCSEEEEECCC,CCCEEEEEEECCCCCCEEEEEECCCCCCCCCCEEEECCCCCCEEEEECCC,50,False
4TOV,1,GIREKIKLVSSAGTGHFYTTTKNKRTKPEKLELKKFDPVVRQHVIYKEAK,CCCEEEEEEESSSSCCEEEEEECTTTCCSCCCEECCBTTTTBCCEEECCC,CCCEEEEEEECCCCCCEEEEEECCCCCCCCCCEECCECCCCECCEEECCC,50,False
4TOX,1,GIREKIKLVSSAGTGHFYTTTKNKRTKPEKLELKKFDPVVRQHVIYKEAK,CCSEEEEEEESSSCCCEEEEEECTTTCCSCCCEEEEETTTTEEEEEECCC,CCCEEEEEEECCCCCCEEEEEECCCCCCCCCCEEEEECCCCEEEEEECCC,50,False
4TP1,1,GIREKIKLVSSAGTGHFYTTTKNKRTKPEKLELKKFDPVVRQHVIYKEAK,CCCEEEEEEESSSSCCEEEEEECTTTCCSCCCEEEEETTTTEEEEEECCC,CCCEEEEEEECCCCCCEEEEEECCCCCCCCCCEEEEECCCCEEEEEECCC,50,False
4TP3,1,GIREKIKLVSSAGTGHFYTTTKNKRTKPEKLELKKFDPVVRQHVIYKEAK,CCSEEEEEEESSSCCCEEEEEECTTTCCSCCCEEECCTTTCSCEEEECCC,CCCEEEEEEECCCCCCEEEEEECCCCCCCCCCEEECCCCCCCCEEEECCC,50,False
4TP5,1,GIREKIKLVSSAGTGHFYTTTKNKRTKPEKLELKKFDPVVRQHVIYKEAK,CCSEEEEEEESSSSCCEEEEEECTTTCCSCCCEEEEETTTTEEEEEECCC,CCCEEEEEEECCCCCCEEEEEECCCCCCCCCCEEEEECCCCEEEEEECCC,50,False
4TP7,1,GIREKIKLVSSAGTGHFYTTTKNKRTKPEKLELKKFDPVVRQHVIYKEAK,CCSEEECCBCSSSCCCBCCEEECTTTCCSCCCEEEECTTTCSEEEEBCCC,CCCEEECCECCCCCCCECCEEECCCCCCCCCCEEEECCCCCCEEEEECCC,50,False
4TP9,1,GIREKIKLVSSAGTGHFYTTTKNKRTKPEKLELKKFDPVVRQHVIYKEAK,CCCEEEEEEESSSSCCEEEEEECTTTCCSCCCEEEEETTTTEEEEEECCC,CCCEEEEEEECCCCCCEEEEEECCCCCCCCCCEEEEECCCCEEEEEECCC,50,False
4TPB,1,GIREKIKLVSSAGTGHFYTTTKNKRTKPEKLELKKFDPVVRQHVIYKEAK,CCSBCCEEEESSSCSCEEECCBCTTTCCSCCCEEEECTTTCSEEEEECCC,CCCECCEEEECCCCCCEEECCECCCCCCCCCCEEEECCCCCCEEEEECCC,50,False
4TPD,1,GIREKIKLVSSAGTGHFYTTTKNKRTKPEKLELKKFDPVVRQHVIYKEAK,CCSEEEEEEESSSSCCEEEEEECTTTCCSCCCEEEEETTTTEEEEEECCC,CCCEEEEEEECCCCCCEEEEEECCCCCCCCCCEEEEECCCCEEEEEECCC,50,False
4TPF,1,GIREKIKLVSSAGTGHFYTTTKNKRTKPEKLELKKFDPVVRQHVIYKEAK,CCSEEECCBCSSSCCCBCCEEECTTTCCSCCCEEEECTTTCSEEEEBCCC,CCCEEECCECCCCCCCECCEEECCCCCCCCCCEEEECCCCCCEEEEECCC,50,False
4UJH,Y,AAQKSFRIKQKMAKAKKQNRPLPQWIRLRTNNTIRYNAKRRNWRRTKMNI,CCSCCHHHHHHHHHHHHTCCCCCGGGGGSTTCCCCSCTTCCCTTTCCCCC,CCCCCHHHHHHHHHHHHCCCCCCHHHHHCCCCCCCCCCCCCCCCCCCCCC,50,False
4UJM,Y,AAQKSFRIKQKMAKAKKQNRPLPQWIRLRTNNTIRYNAKRRNWRRTKMNI,CCSCCHHHHHHHHHHHHTCSCCCGGGGGSTTCCCCSCTTCCCTTTCCCCC,CCCCCHHHHHHHHHHHHCCCCCCHHHHHCCCCCCCCCCCCCCCCCCCCCC,50,False
4UJO,d,AAQKSFRIKQKMAKAKKQNRPLPQWIRLRTNNTIRYNAKRRNWRRTKMNI,CCSCCHHHHHHHHHHHHTCSCCCGGGGGSTTCCCCSCTTCCCTTTSCCCC,CCCCCHHHHHHHHHHHHCCCCCCHHHHHCCCCCCCCCCCCCCCCCCCCCC,50,False
4UJR,Y,AAQKSFRIKQKMAKAKKQNRPLPQWIRLRTNNTIRYNAKRRNWRRTKMNI,CCSCCHHHHHHHHHHHHTCSCCCGGGGGSTTCCCCSCTTCCCTTTCCCCC,CCCCCHHHHHHHHHHHHCCCCCCHHHHHCCCCCCCCCCCCCCCCCCCCCC,50,False
4UJT,d,AAQKSFRIKQKMAKAKKQNRPLPQWIRLRTNNTIRYNAKRRNWRRTKMNI,CCSCCHHHHHHHHHHHHTCSCCCGGGGGSTTCCCCSCTTCCCTTTCCCCC,CCCCCHHHHHHHHHHHHCCCCCCHHHHHCCCCCCCCCCCCCCCCCCCCCC,50,False
4UJW,Y,AAQKSFRIKQKMAKAKKQNRPLPQWIRLRTNNTIRYNAKRRNWRRTKMNI,CCSCCHHHHHHHHHHHHTCCCCCTTGGGSTTCCCCSCTTCCCTTTSCCCC,CCCCCHHHHHHHHHHHHCCCCCCCCHHHCCCCCCCCCCCCCCCCCCCCCC,50,False
4UJY,c,AAQKSFRIKQKMAKAKKQNRPLPQWIRLRTNNTIRYNAKRRNWRRTKMNI,CCSCCHHHHHHHHHHHHTCSCCCGGGGGSTTCCCCSCTTCCCTTTCCCCC,CCCCCHHHHHHHHHHHHCCCCCCHHHHHCCCCCCCCCCCCCCCCCCCCCC,50,False
4UK1,Y,AAQKSFRIKQKMAKAKKQNRPLPQWIRLRTNNTIRYNAKRRNWRRTKMNI,CCSCCHHHHHHHHHHHHTCSCCCGGGGGSTTCCCCSCTTCCCTTTCCCCC,CCCCCHHHHHHHHHHHHCCCCCCHHHHHCCCCCCCCCCCCCCCCCCCCCC,50,False
4UK3,d,AAQKSFRIKQKMAKAKKQNRPLPQWIRLRTNNTIRYNAKRRNWRRTKMNI,CCSCCHHHHHHHHHHHHTCSCCCGGGGGSTTCCCCSCTTCCCTTTCCCCC,CCCCCHHHHHHHHHHHHCCCCCCHHHHHCCCCCCCCCCCCCCCCCCCCCC,50,False
4UK6,Y,AAQKSFRIKQKMAKAKKQNRPLPQWIRLRTNNTIRYNAKRRNWRRTKMNI,CCSCCHHHHHHHHHHHHTCCCCCTTGGGSTTCCCCSCTTCCCTTTCCCCC,CCCCCHHHHHHHHHHHHCCCCCCCCHHHCCCCCCCCCCCCCCCCCCCCCC,50,False
4UK8,d,AAQKSFRIKQKMAKAKKQNRPLPQWIRLRTNNTIRYNAKRRNWRRTKMNI,CCSCCHHHHHHHHHHHHTCSCCCGGGTTSTTCCCCSCTTCCCTTTCCCCC,CCCCCHHHHHHHHHHHHCCCCCCHHHCCCCCCCCCCCCCCCCCCCCCCCC,50,False
4UKB,Y,AAQKSFRIKQKMAKAKKQNRPLPQWIRLRTNNTIRYNAKRRNWRRTKMNI,CCSCCHHHHHHHHHHHHTCSCCCGGGGGSTTCCCCSCTTCCCTTTCCCCC,CCCCCHHHHHHHHHHHHCCCCCCHHHHHCCCCCCCCCCCCCCCCCCCCCC,50,False
4UKE,d,AAQKSFRIKQKMAKAKKQNRPLPQWIRLRTNNTIRYNAKRRNWRRTKMNI,CCSCCHHHHHHHHHHHHTCSCCCGGGGGSTTCCCCSCTTCCCTTTSCCCC,CCCCCHHHHHHHHHHHHCCCCCCHHHHHCCCCCCCCCCCCCCCCCCCCCC,50,False
4UKH,Y,AAQKSFRIKQKMAKAKKQNRPLPQWIRLRTNNTIRYNAKRRNWRRTKMNI,CCSCCHHHHHHHHHHHHHCSCCCTTGGGSTTCCCCSCTTCCCTTTCCCCC,CCCCCHHHHHHHHHHHHHCCCCCCCHHHCCCCCCCCCCCCCCCCCCCCCC,50,False
4UKJ,c,AAQKSFRIKQKMAKAKKQNRPLPQWIRLRTNNTIRYNAKRRNWRRTKMNI,CCSCCHHHHHHHHHHHHTCSCCCGGGGGSTTCCCCSCSSCCCTTTSCCCC,CCCCCHHHHHHHHHHHHCCCCCCHHHHHCCCCCCCCCCCCCCCCCCCCCC,50,False
4UKM,Y,AAQKSFRIKQKMAKAKKQNRPLPQWIRLRTNNTIRYNAKRRNWRRTKMNI,CCSCCHHHHHHHHHHHHTCSCCCGGGGGSTTCCCCSCTTCCCTTTCCCCC,CCCCCHHHHHHHHHHHHCCCCCCHHHHHCCCCCCCCCCCCCCCCCCCCCC,50,False
4UKO,c,AAQKSFRIKQKMAKAKKQNRPLPQWIRLRTNNTIRYNAKRRNWRRTKMNI,CCSCCHHHHHHHHHHHHTCSCCCGGGGGSTTCCCCSCTTCCCTTTCCCCC,CCCCCHHHHHHHHHHHHCCCCCCHHHHHCCCCCCCCCCCCCCCCCCCCCC,50,False
4UKR,Y,AAQKSFRIKQKMAKAKKQNRPLPQWIRLRTNNTIRYNAKRRNWRRTKMNI,CCSCCHHHHHHHHHHHHHCSCCCTTGGGSTTCCCCSCTTCCCTTTSCCCC,CCCCCHHHHHHHHHHHHHCCCCCCCHHHCCCCCCCCCCCCCCCCCCCCCC,50,False
4UKT,d,AAQKSFRIKQKMAKAKKQNRPLPQWIRLRTNNTIRYNAKRRNWRRTKMNI,CCSCCHHHHHHHHHHHHTCSCCCGGGGGSTTCCCCSCSSCCCTTTSCCCC,CCCCCHHHHHHHHHHHHCCCCCCHHHHHCCCCCCCCCCCCCCCCCCCCCC,50,False
4UKW,Y,AAQKSFRIKQKMAKAKKQNRPLPQWIRLRTNNTIRYNAKRRNWRRTKMNI,CCSCCHHHHHHHHHHHHTCSCCCGGGGGSTTCCCCSCTTCCCTTTCCCCC,CCCCCHHHHHHHHHHHHCCCCCCHHHHHCCCCCCCCCCCCCCCCCCCCCC,50,False
4UKY,d,AAQKSFRIKQKMAKAKKQNRPLPQWIRLRTNNTIRYNAKRRNWRRTKMNI,CCSCCHHHHHHHHHHHHTCSCCCTTGGGSTTCCCCSCTTCCCTTTSCCCC,CCCCCHHHHHHHHHHHHCCCCCCCCHHHCCCCCCCCCCCCCCCCCCCCCC,50,False
4UL1,Y,AAQKSFRIKQKMAKAKKQNRPLPQWIRLRTNNTIRYNAKRRNWRRTKMNI,CCSCCHHHHHHHHHHHHTCSCCCTTGGGSTTCCCCSCTTCCCTTTCCCCC,CCCCCHHHHHHHHHHHHCCCCCCCCHHHCCCCCCCCCCCCCCCCCCCCCC,50,False
4UL3,d,AAQKSFRIKQKMAKAKKQNRPLPQWIRLRTNNTIRYNAKRRNWRRTKMNI,CCSCCHHHHHHHHHHHHTCCCCCTTTTTSTTCCCCSCTTCCCGGGSCCCC,CCCCCHHHHHHHHHHHHCCCCCCCCCCCCCCCCCCCCCCCCCHHHCCCCC,50,False
4UL6,Y,AAQKSFRIKQKMAKAKKQNRPLPQWIRLRTNNTIRYNAKRRNWRRTKMNI,CCSCCHHHHHHHHHHHHTTSCCCGGGGGSTTCCCCSCTTCCCTTTSCCCC,CCCCCHHHHHHHHHHHHCCCCCCHHHHHCCCCCCCCCCCCCCCCCCCCCC,50,False
4UL8,d,AAQKSFRIKQKMAKAKKQNRPLPQWIRLRTNNTIRYNAKRRNWRRTKMNI,CCSCCHHHHHHHHHHHHTCSCCCTTGGGSTTCCCCSCTTCCCTTTSCCCC,CCCCCHHHHHHHHHHHHCCCCCCCCHHHCCCCCCCCCCCCCCCCCCCCCC,50,False
4ULB,Y,AAQKSFRIKQKMAKAKKQNRPLPQWIRLRTNNTIRYNAKRRNWRRTKMNI,CCSCCHHHHHHHHHHHHTCSCCCGGGGGSTTCCCCSCTTCCCTTTSCCCC,CCCCCHHHHHHHHHHHHCCCCCCHHHHHCCCCCCCCCCCCCCCCCCCCCC,50,False
4ULD,d,AAQKSFRIKQKMAKAKKQNRPLPQWIRLRTNNTIRYNAKRRNWRRTKMNI,CCSCCHHHHHHHHHHHHTCSCCCGGGGGSTTCCCCSCTTCCCTTTSCCCC,CCCCCHHHHHHHHHHHHCCCCCCHHHHHCCCCCCCCCCCCCCCCCCCCCC,50,False
4ULG,Y,AAQKSFRIKQKMAKAKKQNRPLPQWIRLRTNNTIRYNAKRRNWRRTKMNI,CCSCCHHHHHHHHHHHHTCCCCCTTGGGSTTCCCCSCTTCCCTTTCCCCC,CCCCCHHHHHHHHHHHHCCCCCCCCHHHCCCCCCCCCCCCCCCCCCCCCC,50,False
4ULI,d,AAQKSFRIKQKMAKAKKQNRPLPQWIRLRTNNTIRYNAKRRNWRRTKMNI,CCSCCHHHHHHHHHHHHTCSCCCGGGTTSTTCCCCSCSSCCCTTTCCCCC,CCCCCHHHHHHHHHHHHCCCCCCHHHCCCCCCCCCCCCCCCCCCCCCCCC,50,False
4ULM,Y,AAQKSFRIKQKMAKAKKQNRPLPQWIRLRTNNTIRYNAKRRNWRRTKMNI,CCSCCHHHHHHHHHHHHTCSCCCGGGGGSTTCCCCSCTTCCCTTTCCCCC,CCCCCHHHHHHHHHHHHCCCCCCHHHHHCCCCCCCCCCCCCCCCCCCCCC,50,False
4ULO,d,AAQKSFRIKQKMAKAKKQNRPLPQWIRLRTNNTIRYNAKRRNWRRTKMNI,CCSCCHHHHHHHHHHHHTCSCCCTTGGGSTTCCCCSCTTCCCTTTSCCCC,CCCCCHHHHHHHHHHHHCCCCCCCCHHHCCCCCCCCCCCCCCCCCCCCCC,50,False
4ULR,Y,AAQKSFRIKQKMAKAKKQNRPLPQWIRLRTNNTIRYNAKRRNWRRTKMNI,CCSCCHHHHHHHHHHHHTCSCCCTTGGGSTTCCCCSCTTCCCTTTCCCCC,CCCCCHHHHHHHHHHHHCCCCCCCCHHHCCCCCCCCCCCCCCCCCCCCCC,50,False
4ULT,c,AAQKSFRIKQKMAKAKKQNRPLPQWIRLRTNNTIRYNAKRRNWRRTKMNI,CCSCCHHHHHHHHHHHHTCCCCCGGGGGSTTCCCCSCTTCCCTTTSCCCC,CCCCCHHHHHHHHHHHHCCCCCCHHHHHCCCCCCCCCCCCCCCCCCCCCC,50,False
4UY8,1,GIREKIKLVSSAGTGHFYTTTKNKRTKPEKLELKKFDPVVRQHVIYKEAK,CCCEEEEEEESSSSCCEEEEEECTTTCCSCCCEEEEETTTTEEEEEECCC,CCCEEEEEEECCCCCCEEEEEECCCCCCCCCCEEEEECCCCEEEEEECCC,50,False
4UY8,H,MQVILLDKVANLGSLGDQVNVKAGYARNFLVPQGKAVPATKKNIEFFEAR,CCCEESSCCGGGCCSSCBCCCCHHHHHHTTGGGTSEECCCSSTTTTSSCC,CCCEECCCCHHHCCCCCECCCCHHHHHHCCHHHCCEECCCCCCCCCCCCC,50,False
4UZW,A,SADYSSLTVVQLKDLLTKRNLSVGGLKNELVQRLIKDDEESKGESEVSPQ,CCHHHHSCHHHHHHHHHHHTCCCCSCHHHHHHHHHHHHHHHHTCSCCCCC,CCHHHHCCHHHHHHHHHHHCCCCCCCHHHHHHHHHHHHHHHHCCCCCCCC,50,False
4WAP,1,GIREKIKLVSSAGTGHFYTTTKNKRTKPEKLELKKFDPVVRQHVIYKEAK,CCCEEEEEEESSSSCCEEEEEECTTTCCSCCCEEEEETTTTEEEEEECCC,CCCEEEEEEECCCCCCEEEEEECCCCCCCCCCEEEEECCCCEEEEEECCC,50,False
4WAR,1,GIREKIKLVSSAGTGHFYTTTKNKRTKPEKLELKKFDPVVRQHVIYKEAK,CCSEEECCEESSSCCCBCCEEECTTTCCSCCCEEEECTTTCSEEEEECCC,CCCEEECCEECCCCCCECCEEECCCCCCCCCCEEEECCCCCCEEEEECCC,50,False
4WM0,D,MDIVDGDQCESNPCLNGGSCKDDINSYECWCPFGFEGKNCELLEHHHHHH,CCCCCCCCCCBCCSSSSCSBSSCTTCCCCCCCTTCCSTTCCCCCCCCCCC,CCCCCCCCCCECCCCCCCCECCCCCCCCCCCCCCCCCCCCCCCCCCCCCC,50,False
4WMA,D,MDIVDGDQCESNPCLNGGSCKDDINSYECWCPFGFEGKNCELLEHHHHHH,CCCCCCCCCCBCCSSSSCSBTTCTTCCCCCCCTTCCTTTTCCCCCCCCCC,CCCCCCCCCCECCCCCCCCECCCCCCCCCCCCCCCCCCCCCCCCCCCCCC,50,False
4WMB,D,MDIVDGDQCESNPCLNGGSCKDDINSYECWCPFGFEGKNCELLEHHHHHH,CCCCCCCCCCBCCSSSSCSBSSCTTCCCCCCCTTCCTTTTCCCCCCCCCC,CCCCCCCCCCECCCCCCCCECCCCCCCCCCCCCCCCCCCCCCCCCCCCCC,50,False
4WMI,D,MDIVDGDQCESNPCLNGGSCKDDINSYECWCPFGFEGKNCELLEHHHHHH,CCCCCCCCCCBCSSSSSCSBSSCTTCCCCCCCTTCCSTTSCCCCCCCCCC,CCCCCCCCCCECCCCCCCCECCCCCCCCCCCCCCCCCCCCCCCCCCCCCC,50,False
4WMK,D,MDIVDGDQCESNPCLNGGSCKDDINSYECWCPFGFEGKNCELLEHHHHHH,CCCCCCCCCCBCSSSSSCSBSSCTTCCCCCCCTTCCSTTSCCCCCCCCCC,CCCCCCCCCCECCCCCCCCECCCCCCCCCCCCCCCCCCCCCCCCCCCCCC,50,False
4WN2,D,MDIVDGDQCESNPCLNGGSCKDDINSYECWCPFGFEGKNCELLEHHHHHH,CCCCCCCCCCBCCSSSSCSBTTCTTCCCCCCCTTCCSSSSCCCCCCCCCC,CCCCCCCCCCECCCCCCCCECCCCCCCCCCCCCCCCCCCCCCCCCCCCCC,50,False
4WNH,D,MDIVDGDQCESNPCLNGGSCKDDINSYECWCPFGFEGKNCELLEHHHHHH,CCCCCCCCCCBCCSSSSCSBSSCTTCCCCCCCTTCCSTTSCCCCCCCCCC,CCCCCCCCCCECCCCCCCCECCCCCCCCCCCCCCCCCCCCCCCCCCCCCC,50,False
4X9Z,A,DVHRPCQSVRPGRVWGKCCLTRLCSTMCCARADCTCVYHTWRGHGCSCVM,CCEECCBCCSTTCSEEEEESSCEETTEECSSTTCEEEEETTTEEEEECCC,CCEECCECCCCCCCEEEEECCCEECCEECCCCCCEEEEECCCEEEEECCC,50,False
4X9Z,B,DVHRPCQSVRPGRVWGKCCLTRLCSTMCCARADCTCVYHTWRGHGCSCVM,CCCEECBCSSTTCSEEEEESSCEETTEECSSSSEEEECCCCCCSEEEECC,CCCEECECCCCCCCEEEEECCCEECCEECCCCCEEEECCCCCCCEEEECC,50,False
4Y3U,B,MDKVQYLTRSAIRRASTIEMPQQARQNLQNLFINFCLILICLLLICIIVM,CCCCCCCCCCCCCCCCCCCCCCTTHHHHHHHHHHHHHHHHHHHHHTTSCC,CCCCCCCCCCCCCCCCCCCCCCCCHHHHHHHHHHHHHHHHHHHHHCCCCC,50,False
4YXW,I,VAYWRQAGLSYIRYSQICAKAVRDALKTEFKANAMKTSGSTIKIVKVKKE,CCSSTTTTCCHHHHHHHHHHHHHHSSCSTTHHHHHHSSCCCCEEECCCCC,CCCCCCCCCCHHHHHHHHHHHHHHCCCCCCHHHHHHCCCCCCEEECCCCC,50,False
4ZCE,A,SFTKFECPSRFGYFADPKDPHKFYICSNWEAVHKDCPGNTRWNEDEETCT,CCCCCCCSSSSEEEECTTCTTEEEEEETTEEEEEECSTTCCEETTTTEEC,CCCCCCCCCCCEEEECCCCCCEEEEEECCEEEEEECCCCCCEECCCCEEC,50,False
4ZCE,B,SFTKFECPSRFGYFADPKDPHKFYICSNWEAVHKDCPGNTRWNEDEETCT,CCCCCCCSSSSEEEECTTCTTEEEEEETTEEEEEECSTTCCEETTTTEEC,CCCCCCCCCCCEEEECCCCCCEEEEEECCEEEEEECCCCCCEECCCCEEC,50,False
5ARA,I,VAYWRQAGLSYIRYSQICAKAVRDALKTEFKANAMKTSGSTIKIVKVKKE,CCTTTTSCCCHHHHHHHHHHHHHHSSCHHHHHHHHHSCCCCCCEECCCCC,CCCCCCCCCCHHHHHHHHHHHHHHCCCHHHHHHHHHCCCCCCCEECCCCC,50,False
5ARE,I,VAYWRQAGLSYIRYSQICAKAVRDALKTEFKANAMKTSGSTIKIVKVKKE,CCSSSSSSCCHHHHHHHHHHHHHHSSCHHHHHHHHHTTSCCCEECCCCCC,CCCCCCCCCCHHHHHHHHHHHHHHCCCHHHHHHHHHCCCCCCEECCCCCC,50,False
5ARH,I,VAYWRQAGLSYIRYSQICAKAVRDALKTEFKANAMKTSGSTIKIVKVKKE,CCSSSSSSCCHHHHHHHHHHHHHHSSCHHHHHHHHHTTCCCCEEECCCCC,CCCCCCCCCCHHHHHHHHHHHHHHCCCHHHHHHHHHCCCCCCEEECCCCC,50,False
5ARI,I,VAYWRQAGLSYIRYSQICAKAVRDALKTEFKANAMKTSGSTIKIVKVKKE,CCHHHHHCCCHHHHHHHHHHHHHHSSCTTGGGGHHHHBSCSSBCCCCCCC,CCHHHHHCCCHHHHHHHHHHHHHHCCCCCHHHHHHHHECCCCECCCCCCC,50,False
5BUM,A,ACTSYYTVKSGDICYNIAQTYGIDVATLQSYNPGLQCDNLQIGQQLCVAD,CCCCEEECCTTCCHHHHHHHHTCCHHHHHHTSTTCCGGGCCTTCEEECCC,CCCCEEECCCCCCHHHHHHHHCCCHHHHHHCCCCCCHHHCCCCCEEECCC,50,False
5BUM,B,ACTSYYTVKSGDICYNIAQTYGIDVATLQSYNPGLQCDNLQIGQQLCVAD,CCCCEEECCTTCCHHHHHHHTSCCHHHHHHHSSSCCSSSCCTTCEEECCC,CCCCEEECCCCCCHHHHHHHCCCCHHHHHHHCCCCCCCCCCCCCEEECCC,50,False
5CX2,C,TQQEIFDKQRRLQELSEKVRTCHQEISALRKALQEKEAEMLQVLEDIQTI,CHHHHHHHHHHHHHHHHHHHHHHHHHHHHHHHHHHHHHHHHHHHHHHHHC,CHHHHHHHHHHHHHHHHHHHHHHHHHHHHHHHHHHHHHHHHHHHHHHHHC,50,False
5D5Y,A,SQQQIAALSESLQATQQQLQALQQQCYELEKTNRLLVSEVMTLQKMVKAQ,CHHHHHHHHHHHHHHHHHHHHHHHHHHHHHHHHHHHHHHHHHHHHHHHHC,CHHHHHHHHHHHHHHHHHHHHHHHHHHHHHHHHHHHHHHHHHHHHHHHHC,50,False
5D5Y,B,SQQQIAALSESLQATQQQLQALQQQCYELEKTNRLLVSEVMTLQKMVKAQ,CHHHHHHHHHHHHHHHHHHHHHHHHHHHHHHHHHHHHHHHHHHHHHHHTC,CHHHHHHHHHHHHHHHHHHHHHHHHHHHHHHHHHHHHHHHHHHHHHHHCC,50,False
5D5Z,A,SQQQIAALSESLQATQQQLQALQQQCYELEKTNRLLVSEVMTLQKMVKAQ,CHHHHHHHHHHHHHHHHHHHHHHHHHHHHHHHHHHHHHHHHHHHHHHHHC,CHHHHHHHHHHHHHHHHHHHHHHHHHHHHHHHHHHHHHHHHHHHHHHHHC,50,False
5D5Z,B,SQQQIAALSESLQATQQQLQALQQQCYELEKTNRLLVSEVMTLQKMVKAQ,CHHHHHHHHHHHHHHHHHHHHHHHHHHHHHHHHHHHHHHHHHHHHHHHHC,CHHHHHHHHHHHHHHHHHHHHHHHHHHHHHHHHHHHHHHHHHHHHHHHHC,50,False
5D5Z,C,SQQQIAALSESLQATQQQLQALQQQCYELEKTNRLLVSEVMTLQKMVKAQ,CHHHHHHHHHHHHHHHHHHHHHHHHHHHHHHHHHHHHHHHHHHHHHHHTC,CHHHHHHHHHHHHHHHHHHHHHHHHHHHHHHHHHHHHHHHHHHHHHHHCC,50,False
5D5Z,D,SQQQIAALSESLQATQQQLQALQQQCYELEKTNRLLVSEVMTLQKMVKAQ,CHHHHHHHHHHHHHHHHHHHHHHHHHHHHHHHHHHHHHHHHHHHHHHHTC,CHHHHHHHHHHHHHHHHHHHHHHHHHHHHHHHHHHHHHHHHHHHHHHHCC,50,False
5D5Z,E,SQQQIAALSESLQATQQQLQALQQQCYELEKTNRLLVSEVMTLQKMVKAQ,CHHHHHHHHHHHHHHHHHHHHHHHHHHHHHHHHHHHHHHHHHHHHHHHCC,CHHHHHHHHHHHHHHHHHHHHHHHHHHHHHHHHHHHHHHHHHHHHHHHCC,50,False
5E4X,A,YAVAESVIGKRVGDDGKTIEYLVKWTDMSDATWEPQDNVDSTLVLLYQQQ,CCCEEEEEEEEECTTSSCEEEEEEECCSTTCCCCCTTTSCHHHHHHHHHC,CCCEEEEEEEEECCCCCCEEEEEEECCCCCCCCCCCCCCCHHHHHHHHHC,50,False
5F84,B,MDIVDGDQCESNPCLNGGSCKDDINSYECWCPFGFEGKNCELLEHHHHHH,CCCCCCCGGGGCCCCTTCEEEECSSCEEEECCTTEESTTSCEECCCCCCC,CCCCCCCHHHHCCCCCCCEEEECCCCEEEECCCCEECCCCCEECCCCCCC,50,False
5F85,B,MDIVDGDQCESNPCLNGGSCKDDINSYECWCPFGFEGKNCELLEHHHHHH,CCCCCCCGGGGCCCCTTCEEEECSSSEEEECCTTEESTTSCEECCCCCCC,CCCCCCCHHHHCCCCCCCEEEECCCCEEEECCCCEECCCCCEECCCCCCC,50,False
5F86,B,MDIVDGDQCESNPCLNGGSCKDDINSYECWCPFGFEGKNCELLEHHHHHH,CCCCCCCGGGGCCCCTTCEEEECSSCEEEECCTTEESTTSCEECCCCCCC,CCCCCCCHHHHCCCCCCCEEEECCCCEEEECCCCEECCCCCEECCCCCCC,50,False
5FIJ,I,VAYWRQAGLSYIRYSQICAKAVRDALKTEFKANAMKTSGSTIKIVKVKKE,CCTTTSSCCCHHHHHHHHHHHHHHSSCHHHHHTHHHHTCCCCCCCCCCCC,CCCCCCCCCCHHHHHHHHHHHHHHCCCHHHHHCHHHHCCCCCCCCCCCCC,50,False
5FIK,I,VAYWRQAGLSYIRYSQICAKAVRDALKTEFKANAMKTSGSTIKIVKVKKE,CCTTTTTCCCHHHHHHHHHHHHHHSSCHHHHHGGGTTTCCCCEEECCCCC,CCCCCCCCCCHHHHHHHHHHHHHHCCCHHHHHHHHCCCCCCCEEECCCCC,50,False
5FIL,I,VAYWRQAGLSYIRYSQICAKAVRDALKTEFKANAMKTSGSTIKIVKVKKE,CCSSSSSCCCHHHHHHHHHHHHHHSCCSTTTGGGGGGSSCSCCEECCCCC,CCCCCCCCCCHHHHHHHHHHHHHHCCCCCCCHHHHHHCCCCCCEECCCCC,50,False
5GK9,B,LTYAQAQGMVEIEIEGRLHRISIFDPLEIILEDDLTAQEMSECNSNKENS,CCCCCCCCCEEEEETTEEEEECSSSCEEEECCCCCCCCCCCCCCCCCCCC,CCCCCCCCCEEEEECCEEEEECCCCCEEEECCCCCCCCCCCCCCCCCCCC,50,False
5GWM,B,GPLGSRRFVVDDRRELQYRVEVQNRVYKKEIQALDAEIRKLERLLESGLT,CCCSSTTHHHHHHHHHHHHHHHHHHHHHHHHHHHHHHHHHHHHHHHHTCC,CCCCCCCHHHHHHHHHHHHHHHHHHHHHHHHHHHHHHHHHHHHHHHHCCC,50,False
5HOB,A,GSDEDTYYLQVRGRKNFEILMELKRSLELMELVPQPLVDSYEQQQQLLQR,CCCCCEEEEEEESHHHHHHHHHHHHHHHHGGGSCHHHHHHHHHHHHCCCC,CCCCCEEEEEEECHHHHHHHHHHHHHHHHHHHCCHHHHHHHHHHHHCCCC,50,False
5HOB,B,GSDEDTYYLQVRGRKNFEILMELKRSLELMELVPQPLVDSYEQQQQLLQR,CCCCCEEEEEEESHHHHHHHHHHHHHHHHHTTSCHHHHHHHHHHHTTCCC,CCCCCEEEEEEECHHHHHHHHHHHHHHHHHCCCCHHHHHHHHHHHCCCCC,50,False
5HOB,C,GSDEDTYYLQVRGRKNFEILMELKRSLELMELVPQPLVDSYEQQQQLLQR,CCCCCEEEEEEESHHHHHHHHHHHHHHHHHTTSCHHHHHHHHHHHTTTCC,CCCCCEEEEEEECHHHHHHHHHHHHHHHHHCCCCHHHHHHHHHHHCCCCC,50,False
5HOB,D,GSDEDTYYLQVRGRKNFEILMELKRSLELMELVPQPLVDSYEQQQQLLQR,CCCCCEEEEEEESHHHHHHHHHHHHHHHHGGGSCHHHHHHHHHHHHCCCC,CCCCCEEEEEEECHHHHHHHHHHHHHHHHHHHCCHHHHHHHHHHHHCCCC,50,False
5HOB,E,GSDEDTYYLQVRGRKNFEILMELKRSLELMELVPQPLVDSYEQQQQLLQR,CTTTSEEEEEEECHHHHHHHHHHHHHHHHGGGSCHHHHHHHHHHHHTCCC,CCCCCEEEEEEECHHHHHHHHHHHHHHHHHHHCCHHHHHHHHHHHHCCCC,50,False
5HOB,F,GSDEDTYYLQVRGRKNFEILMELKRSLELMELVPQPLVDSYEQQQQLLQR,CCCCCEEEEEEESHHHHHHHHHHHHHHHHHTTSCHHHHHHHHHHHHHCCC,CCCCCEEEEEEECHHHHHHHHHHHHHHHHHCCCCHHHHHHHHHHHHHCCC,50,False
5HOB,G,GSDEDTYYLQVRGRKNFEILMELKRSLELMELVPQPLVDSYEQQQQLLQR,CCCCCEEEEEEESHHHHHHHHHHHHHHHHHTTSCHHHHHHHHHHHHHCCC,CCCCCEEEEEEECHHHHHHHHHHHHHHHHHCCCCHHHHHHHHHHHHHCCC,50,False
5HOB,H,GSDEDTYYLQVRGRKNFEILMELKRSLELMELVPQPLVDSYEQQQQLLQR,CCTTSEEEEEEESHHHHHHHHHHHHHHHHGGGSCHHHHHHHHHHHCCCCC,CCCCCEEEEEEECHHHHHHHHHHHHHHHHHHHCCHHHHHHHHHHHCCCCC,50,False
5HOC,A,GSDEDTYYLQVRGRRNFEILMELKRSLELMELVPQPLVDSYDQQQQLLQR,CCCCCCEEEEEESHHHHHHHHHHHHHHHHHTTSCHHHHHHHHHHHHHHCC,CCCCCCEEEEEECHHHHHHHHHHHHHHHHHCCCCHHHHHHHHHHHHHHCC,50,False
5HOC,B,GSDEDTYYLQVRGRRNFEILMELKRSLELMELVPQPLVDSYDQQQQLLQR,CCCCSEEEEEESSHHHHHHHHHHHHHHHHHTTSCHHHHHHHHHHTCCCCC,CCCCCEEEEEECCHHHHHHHHHHHHHHHHHCCCCHHHHHHHHHHCCCCCC,50,False
5HVZ,A,SLRECELYVQKHNIQALLKDSIVQLCTARPERPMAFLREYFEKLEKEEAK,CHHHHHHHHHHTTHHHHHHHHHHHHHHHCCSCHHHHHHHHHHHHHHHHHC,CHHHHHHHHHHCCHHHHHHHHHHHHHHHCCCCHHHHHHHHHHHHHHHHHC,50,False
5HVZ,B,SLRECELYVQKHNIQALLKDSIVQLCTARPERPMAFLREYFEKLEKEEAK,CHHHHHHHHHHTTHHHHHHHHHHHHHHHCCSSHHHHHHHHHHHHTTCCCC,CHHHHHHHHHHCCHHHHHHHHHHHHHHHCCCCHHHHHHHHHHHHCCCCCC,50,False
5JB3,Y,MGQKWKLYEIKDGKVIRKNKFCPRCGPGVFMADHGDRWACGKCGYTEWKK,CCCCCCCSEECSSCEECCSEECSSSCSSCEEEECSSEEECSSSCCCEECC,CCCCCCCCEECCCCEECCCEECCCCCCCCEEEECCCEEECCCCCCCEECC,50,False
5JBH,Y,MGQKWKLYEIKDGKVIRKNKFCPRCGPGVFMADHGDRWACGKCGYTEWKK,CCCCCCCSEECSSCEECCSEECSSSCSSCEEEECSSEEECSSSCCCEECC,CCCCCCCCEECCCCEECCCEECCCCCCCCEEEECCCEEECCCCCCCEECC,50,False
5LWC,A,MAGLLRFLLSKGRALYNWAKSHVGKVWEWLKSGATYEQIKEWIENALGWR,CHHHHHHHHHHCHHHHHHHHHCHHHHHHHHHHTCCHHHHHHHHHHHHHHC,CHHHHHHHHHHCHHHHHHHHHCHHHHHHHHHHCCCHHHHHHHHHHHHHHC,50,False
5NCE,A,RMCKTPSGKFKGYCVNNTNCKNVCRTEGFPTGSCDFHVAGRKCYCYKPCP,CEEEEECSSCCSCCCSHHHHHHHHHHHTCSEEEEECSSSSCEEEEEEECC,CEEEEECCCCCCCCCCHHHHHHHHHHHCCCEEEEECCCCCCEEEEEEECC,50,False
5SVY,A,SDQTWVQCDACLKWRKLPDGMDQLPEKWYCSNNPDPQFRNCEVPEEPEDE,CCEEEEECTTTCCEEEECTTCCCCCSSCCGGGCSSGGGCSTTSCCCCCCC,CCEEEEECCCCCCEEEECCCCCCCCCCCCHHHCCCHHHCCCCCCCCCCCC,50,False
5VR2,A,RDLEAAYNNLLRDKSALEEEKRQLEQENEDLARRLESSSEEVTRLRRGQC,CCHHHHHHHHHHHHHHHHHHHHHHHHHHHHHHHHHHHHHHHHHHHHTTCC,CCHHHHHHHHHHHHHHHHHHHHHHHHHHHHHHHHHHHHHHHHHHHHCCCC,50,False
5VR2,B,RDLEAAYNNLLRDKSALEEEKRQLEQENEDLARRLESSSEEVTRLRRGQC,CHHHHHHHHHHHHHHHHHHHHHHHHHHHHHHHHHHHHHHHHHHHHHHHHC,CHHHHHHHHHHHHHHHHHHHHHHHHHHHHHHHHHHHHHHHHHHHHHHHHC,50,False
5VR2,C,RDLEAAYNNLLRDKSALEEEKRQLEQENEDLARRLESSSEEVTRLRRGQC,CHHHHHHHHHHHHHHHHHHHHHHHHHHHHHHHHHHHHHHHHHHHHHTTCC,CHHHHHHHHHHHHHHHHHHHHHHHHHHHHHHHHHHHHHHHHHHHHHCCCC,50,False
5VR2,D,RDLEAAYNNLLRDKSALEEEKRQLEQENEDLARRLESSSEEVTRLRRGQC,CHHHHHHHHHHHHHHHHHHHHHHHHHHHHHHHHHHHHHHHHHHHHHHHHC,CHHHHHHHHHHHHHHHHHHHHHHHHHHHHHHHHHHHHHHHHHHHHHHHHC,50,False
5VYG,A,MDIVDGDQCESNPCLNGGSCKDDINSYECWCPFGFEGKNCELLEHHHHHH,CCCBCCCTTTTCCCCTTCEEEEETTEEEEECCTTCBSTTSCBCCCCCCCC,CCCECCCCCCCCCCCCCCEEEEECCEEEEECCCCCECCCCCECCCCCCCC,50,False
5VYG,B,MDIVDGDQCESNPCLNGGSCKDDINSYECWCPFGFEGKNCELLEHHHHHH,CCCBCCCTTTTCCCCTTCEEEECSSSEEEECCTTCBSTTSCBCCCCCCCC,CCCECCCCCCCCCCCCCCEEEECCCCEEEECCCCCECCCCCECCCCCCCC,50,False
5VYG,C,MDIVDGDQCESNPCLNGGSCKDDINSYECWCPFGFEGKNCELLEHHHHHH,CCCCCCCTTTTCCCCTTCEEEEETTEEEEECCTTCBSTTSCBCCCCCCCC,CCCCCCCCCCCCCCCCCCEEEEECCEEEEECCCCCECCCCCECCCCCCCC,50,False
5WEH,D,ADHSHPAHGHVAGSMDITQQEKTFAGFVRMVTWAAVVIVAALIFLALANA,CCCCCCCCCCCTTCCCCHHHHHHHHHHHHHHHHHHHHHHHHHHHHHHHHC,CCCCCCCCCCCCCCCCCHHHHHHHHHHHHHHHHHHHHHHHHHHHHHHHHC,50,False
5WEH,J,ADHSHPAHGHVAGSMDITQQEKTFAGFVRMVTWAAVVIVAALIFLALANA,CCCCCCCCCCCTTCSCCHHHHHHHHHHHHHHHHHHHHHHHHHHHHHHHHC,CCCCCCCCCCCCCCCCCHHHHHHHHHHHHHHHHHHHHHHHHHHHHHHHHC,50,False
5YR0,A,DSEQLQRELKELALEEERLIQELEDVEKNRKVVAENLEKVQAEAERLDQE,CCHHHHHHHHHHHHHHHHHHHHHHHHHHHHHHHHHHHHHHHHHHHHHHCC,CCHHHHHHHHHHHHHHHHHHHHHHHHHHHHHHHHHHHHHHHHHHHHHHCC,50,False
5ZFO,A,NRLCTNCCAGRKGCNYYSADGTFICEGESDPNNPKACPRNCDPNIAYSLC,CCCCCCSTTSCSSCEEEESSSCEEEESCCCSSSCCSCCCSCCTTEEEECC,CCCCCCCCCCCCCCEEEECCCCEEEECCCCCCCCCCCCCCCCCCEEEECC,50,False
6B4F,C,GPSGSIIATDNVLFTPRDKLTVEELEQFQSKKFTLGKIPLKPPPLELLNV,CCCCCCCCCCCCSSCCSTTSCHHHHHHHHSSSCCTTCCCSSCCCGGGTTC,CCCCCCCCCCCCCCCCCCCCCHHHHHHHHCCCCCCCCCCCCCCCHHHCCC,50,False
6B4F,D,GPSGSIIATDNVLFTPRDKLTVEELEQFQSKKFTLGKIPLKPPPLELLNV,CCCCCCCCCCCCSSCCSTTSCHHHHHHHHSSSCCTTCCCSSCCCGGGSCC,CCCCCCCCCCCCCCCCCCCCCHHHHHHHHCCCCCCCCCCCCCCCHHHCCC,50,False
6B4I,C,GPSGSIIATDNVLFTPRDKLTVEELEQFQSKKFTLGKIPLKPPPLELLNV,CCCCCCCCCCCCSSCCSTTSCHHHHHHHHSSSCCTTCCCSSCCCSTTSCC,CCCCCCCCCCCCCCCCCCCCCHHHHHHHHCCCCCCCCCCCCCCCCCCCCC,50,False
6B4I,D,GPSGSIIATDNVLFTPRDKLTVEELEQFQSKKFTLGKIPLKPPPLELLNV,CCCCCCCCCCCCCSCCSTTSCHHHHHHHHSSSCCTTCCCSSCCCSTTSCC,CCCCCCCCCCCCCCCCCCCCCHHHHHHHHCCCCCCCCCCCCCCCCCCCCC,50,False
6CKO,C,GTYEDLVQAQKEITAHNMQLREQTKQLEHDMAELRDQSQLLLKARCEELK,CHHHHHHHHHHHHHHHHHHHHHHHHHHHHHHHHHHHHHHHHHHHHHHHHC,CHHHHHHHHHHHHHHHHHHHHHHHHHHHHHHHHHHHHHHHHHHHHHHHHC,50,False
6CKO,D,GTYEDLVQAQKEITAHNMQLREQTKQLEHDMAELRDQSQLLLKARCEELK,CHHHHHHHHHHHHHHHHHHHHHHHHHHHHHHHHHHHHHHHHHHHHHHHHC,CHHHHHHHHHHHHHHHHHHHHHHHHHHHHHHHHHHHHHHHHHHHHHHHHC,50,False
6DDD,P,MEVFCMVKRTYQPNKRKHSKVHGFRKRMSTKNGRKVLARRRRKGRKVLSA,CCCCCCCCCSCCCCHHHHHHHHSHHHHHTSHHHHHHHHHHHHHTCSCCCC,CCCCCCCCCCCCCCHHHHHHHHCHHHHHCCHHHHHHHHHHHHHCCCCCCC,50,False
6ES5,B,GSTPPQALQQLLQTLKSPSSPQQQQQVLQILKSNPQLMAAFIKQRSQHQQ,CCCTTTHHHHHHHHHHTTCCHHHHHHHHHHHHHCHHHHHHHHHHHHHTCC,CCCCCCHHHHHHHHHHCCCCHHHHHHHHHHHHHCHHHHHHHHHHHHHCCC,50,False
6ES6,B,GSIPPNALQDLLRTLRSPSSPQQQQQVLNILKSNPQLMAAFIKQRAAKYQ,CCCCCSHHHHHHHHHHSCCCSSTHHHHHHHHHHCHHHHHHHHHHTGGGGC,CCCCCCHHHHHHHHHHCCCCCCCHHHHHHHHHHCHHHHHHHHHHCHHHHC,50,False
6ES7,B,GSISPSALQDLLRTLKSPSSPQQQQQVLNILKSNPQLMAAFIKQRTAKYV,CCCCHHHHHHHHHHHHSCSCSHHHHHHHHHHHHCHHHHHHHHHCHHHHTC,CCCCHHHHHHHHHHHHCCCCCHHHHHHHHHHHHCHHHHHHHHHCHHHHCC,50,False
6F1T,c,MADPKYADLPGIARNEPDVYETSDLPEDDQAEFDALQEELTSTSVEHIIV,CCHHHHHHSSCCCCSSCSEEECCCCCCCCCCCCCCCCCCCCCSCEEECCC,CCHHHHHHCCCCCCCCCCEEECCCCCCCCCCCCCCCCCCCCCCCEEECCC,50,False
6F38,c,MADPKYADLPGIARNEPDVYETSDLPEDDQAEFDAEELTSTSVEHIIVNP,CCHHHHHHSCCCCTTSCSEEECCCCCCCCCCCCCCCCCCCCCCCEEECCC,CCHHHHHHCCCCCCCCCCEEECCCCCCCCCCCCCCCCCCCCCCCEEECCC,50,False
6FM8,A,SLYPKLFQKNLDPDVFNQIVKILHDFYIEKEKPLLIFEILQRLSELKRFD,CCSSGGGGGGCCHHHHHHHHHHHHHHHHHTTCCHHHHHHHHHHHHHHHCC,CCCCHHHHHHCCHHHHHHHHHHHHHHHHHCCCCHHHHHHHHHHHHHHHCC,50,False
6FTK,A,LQTKDLQQKFYEIILDIEQNNVQGKTGIQQLQKWEDWVRWIGNIPQYLKM,CCHHHHHHHHTHHHHHHHHHHHTTTTSCTHHHHTGGGGGGGTTSTTTTCC,CCHHHHHHHHCHHHHHHHHHHHCCCCCCCHHHHCHHHHHHHCCCCCCCCC,50,False
6GBZ,1,GIREKIKLVSSAGTGHFYTTTKNKRTKPEKLELKKFDPVVRQHVIYKEAK,CCCEEECCEESSSSCCBCCEEECTTTCCSCCCEEEEETTTTEEEEEECCC,CCCEEECCEECCCCCCECCEEECCCCCCCCCCEEEEECCCCEEEEEECCC,50,False
6GBZ,H,MQVILLDKVANLGSLGDQVNVKAGYARNFLVPQGKAVPATKKNIEFFEAR,CCCEECSSCSTTCSSSCBCCCCHHHHTTTTSSSSSEECCCSSHHHHTTCC,CCCEECCCCCCCCCCCCECCCCHHHHCCCCCCCCCEECCCCCHHHHCCCC,50,False
6GC0,1,GIREKIKLVSSAGTGHFYTTTKNKRTKPEKLELKKFDPVVRQHVIYKEAK,CCSEEEEEEBSSSSCCEEEEEECTTTCCCCCCCEEEETTTTEEEEBCCCC,CCCEEEEEEECCCCCCEEEEEECCCCCCCCCCCEEEECCCCEEEEECCCC,50,False
6GC0,H,MQVILLDKVANLGSLGDQVNVKAGYARNFLVPQGKAVPATKKNIEFFEAR,CCCEECSCCCSSCCSSCBCCCCHHHHTTTTSSSSSEECCSSSHHHHTSCC,CCCEECCCCCCCCCCCCECCCCHHHHCCCCCCCCCEECCCCCHHHHCCCC,50,False
6GC4,H,MQVILLDKVANLGSLGDQVNVKAGYARNFLVPQGKAVPATKKNIEFFEAR,CCCEECSCCSTTCSSSCBCCCCHHHHHHHTTTTSSEECCCSSHHHHHHHC,CCCEECCCCCCCCCCCCECCCCHHHHHHHCCCCCCEECCCCCHHHHHHHC,50,False
6GC8,1,GIREKIKLVSSAGTGHFYTTTKNKRTKPEKLELKKFDPVVRQHVIYKEAK,CCSEEEEEEESSSSCCEEEEEECTTTCCSCCCEEEEETTTTEEEEEECCC,CCCEEEEEEECCCCCCEEEEEECCCCCCCCCCEEEEECCCCEEEEEECCC,50,False
6HM8,B,GSGSGTPAPDAINDLLRSVDSQEVRDYCQKKGWIVIHPSNELVVEKHISR,CCCCCCCCHHHHHHHHHHHCCHHHHHHHHHTTSEEECCGGGSEEEEECCC,CCCCCCCCHHHHHHHHHHHCCHHHHHHHHHCCCEEECCHHHCEEEEECCC,50,False
6HMV,B,GSGSGTPAPDAINDALRSADSQEARDACQKKGWIVIHPSNELVVEKHISR,CCCCCCCCHHHHHHHHHHSCCHHHHHHHHHTTSSEECCGGGCEEEEEECC,CCCCCCCCHHHHHHHHHHCCCHHHHHHHHHCCCCEECCHHHCEEEEEECC,50,False
6I0Y,H,MQVILLDKVANLGSLGDQVNVKAGYARNFLVPQGKAVPATKKNIEFFEAR,CCCEESSCCGGGCCSSCBCCCCHHHHHHTTGGGTSEECCCSSTTTTSSCC,CCCEECCCCHHHCCCCCECCCCHHHHHHCCHHHCCEECCCCCCCCCCCCC,50,False
6INS,E,FVNQHLCGSHLVEALYLVCGERGFFYTPKGIVEQCCTSICSLYQLENYCN,CHHHHHHHHHHHHHHHHHHTTSCEEECTTHHHHHHSSSCCCHHHHGGGBC,CHHHHHHHHHHHHHHHHHHCCCCEEECCCHHHHHHCCCCCCHHHHHHHEC,50,False
6INS,F,FVNQHLCGSHLVEALYLVCGERGFFYTPKGIVEQCCTSICSLYQLENYCN,CCCSCCCTHHHHHHHHHHHGGGCEEECTTTTHHHHTSSCCCHHHHGGGBC,CCCCCCCCHHHHHHHHHHHHHHCEEECCCCCHHHHCCCCCCHHHHHHHEC,50,False
6IUR,C,STMDWEVERAELQARIAFLQGERKGQENLKKDLVRRIKMLEYALKQERAK,CCCCSHHHHHHHHHHHHHHHHHHHHHHHHHHHHHHHHHHHHHHHHHHHCC,CCCCCHHHHHHHHHHHHHHHHHHHHHHHHHHHHHHHHHHHHHHHHHHHCC,50,False
6IUR,D,STMDWEVERAELQARIAFLQGERKGQENLKKDLVRRIKMLEYALKQERAK,CCCCCTTHHHHHHHHHHHHHHHHHHHHHHHHHHHHHHHHHHHHHHHHHHC,CCCCCCCHHHHHHHHHHHHHHHHHHHHHHHHHHHHHHHHHHHHHHHHHHC,50,False
6IUR,G,STMDWEVERAELQARIAFLQGERKGQENLKKDLVRRIKMLEYALKQERAK,CCCCHHHHHHHHHHHHHHHHHHHHHHHHHHHHHHHHHHHHHHHHHHHHCC,CCCCHHHHHHHHHHHHHHHHHHHHHHHHHHHHHHHHHHHHHHHHHHHHCC,50,False
6IUR,H,STMDWEVERAELQARIAFLQGERKGQENLKKDLVRRIKMLEYALKQERAK,CCCCCCTHHHHHHHHHHHHHHHHHHHHHHHHHHHHHHHHHHHHHHHHHHC,CCCCCCCHHHHHHHHHHHHHHHHHHHHHHHHHHHHHHHHHHHHHHHHHHC,50,False
6JLE,E,GSDNKDSKATSEREACGLAIFSKQISKLSEEYFILQKKLNEMILSQQLKS,CCCTTCHHHHHHHHHHHHHHHHHHHHHHHHHHHHHHHHTCSCCCGGGCBC,CCCCCCHHHHHHHHHHHHHHHHHHHHHHHHHHHHHHHHCCCCCCHHHCEC,50,False
6JNF,D,MFGLPQQEVSEEEKRAHQEQTEKTLKQAAYVAAFLWVSPMIWHLVKKQWK,CCCCCCCCCCCCCCCCCCHHHHHHHHHHHHHHHHHHHHHHTTSSHHHHTC,CCCCCCCCCCCCCCCCCCHHHHHHHHHHHHHHHHHHHHHHCCCCHHHHCC,50,False
6JNF,I,MFGLPQQEVSEEEKRAHQEQTEKTLKQAAYVAAFLWVSPMIWHLVKKQWK,CCCCCCCCCCCCCCCCCCHHHHHHHHHHHHHHHHHHHHHHTTSSHHHHTC,CCCCCCCCCCCCCCCCCCHHHHHHHHHHHHHHHHHHHHHHCCCCHHHHCC,50,False
6KHZ,A,GEEEDVICDGCNGPVVGTRYKCSVCPDYDLCSVCEGKGLHRGHTKLAFPF,CCCCCCBCTTTSSBCCSCEEEESSSSSCEECHHHHHTTCSTTSCEEEECC,CCCCCCECCCCCCECCCCEEEECCCCCCEECHHHHHCCCCCCCCEEEECC,50,False
6KHZ,B,GEEEDVICDGCNGPVVGTRYKCSVCPDYDLCSVCEGKGLHRGHTKLAFPF,CCCCCCBCTTTSSBCCSCEEEESSSTTCEECHHHHHTTTTTTSCEEEECC,CCCCCCECCCCCCECCCCEEEECCCCCCEECHHHHHCCCCCCCCEEEECC,50,False
6KHZ,C,GEEEDVICDGCNGPVVGTRYKCSVCPDYDLCSVCEGKGLHRGHTKLAFPF,CCCCCCBCTTTCCBCCSCEEEESSSTTCEECHHHHHTTTTTTSCEEEECC,CCCCCCECCCCCCECCCCEEEECCCCCCEECHHHHHCCCCCCCCEEEECC,50,False
6KHZ,D,GEEEDVICDGCNGPVVGTRYKCSVCPDYDLCSVCEGKGLHRGHTKLAFPF,CCCCCCBCTTTSCBCCSEEEEESSSTTCEECHHHHHTTTTTTSCEEEEEC,CCCCCCECCCCCCECCCEEEEECCCCCCEECHHHHHCCCCCCCCEEEEEC,50,False
6LNM,B,GPGSEFISLAIKDIKEAIEEVKTRTIRSPYTPDEPKEPIWVMRQDISPTR,CCCGGGGHHHHHHHHHHHHHHHHTCEECSCCCCCCCSCSCCBCCCCCCCC,CCCHHHHHHHHHHHHHHHHHHHHCCEECCCCCCCCCCCCCCECCCCCCCC,50,False
6LNM,D,GPGSEFISLAIKDIKEAIEEVKTRTIRSPYTPDEPKEPIWVMRQDISPTR,CCCGGGGHHHHHHHHHHHHHHHHHCCCCCCCCCCCCSCSCCBCCCCCCCC,CCCHHHHHHHHHHHHHHHHHHHHHCCCCCCCCCCCCCCCCCECCCCCCCC,50,False
6LNM,F,GPGSEFISLAIKDIKEAIEEVKTRTIRSPYTPDEPKEPIWVMRQDISPTR,CCCGGGGHHHHHHHHHHHHHHHHTCCCCCCCCCCCCSCSCCBCCCCCCCC,CCCHHHHHHHHHHHHHHHHHHHHCCCCCCCCCCCCCCCCCCECCCCCCCC,50,False
6N37,A,MNFGAFSINPAMMAAAQAALQSSWGMMGMLASQQNQSGPSGNNQNQGNMQ,CCCCCCCBCCCCEECTTCCBCCCEEEEEEEEEEEEECCCCCCCCCCCCCC,CCCCCCCECCCCEECCCCCECCCEEEEEEEEEEEEECCCCCCCCCCCCCC,50,False
6N37,B,MNFGAFSINPAMMAAAQAALQSSWGMMGMLASQQNQSGPSGNNQNQGNMQ,CCCCCCCBCCCCEECTTCCBCCCCEEEEEEEECCEECCCCCCCCCCCCCC,CCCCCCCECCCCEECCCCCECCCCEEEEEEEECCEECCCCCCCCCCCCCC,50,False
6N37,C,MNFGAFSINPAMMAAAQAALQSSWGMMGMLASQQNQSGPSGNNQNQGNMQ,CCCCCCCBCCCCEECTTCCBCCCCEEEEEEEECCEECCCCCCCCCCCCCC,CCCCCCCECCCCEECCCCCECCCCEEEEEEEECCEECCCCCCCCCCCCCC,50,False
6N37,D,MNFGAFSINPAMMAAAQAALQSSWGMMGMLASQQNQSGPSGNNQNQGNMQ,CCCCCCCBCCCCEECTTCCBCCCEEEEEEEEECCEECCCCCCCCCCCCCC,CCCCCCCECCCCEECCCCCECCCEEEEEEEEECCEECCCCCCCCCCCCCC,50,False
6N37,E,MNFGAFSINPAMMAAAQAALQSSWGMMGMLASQQNQSGPSGNNQNQGNMQ,CCCCCCCBCCCCEECTTCCBCCCCEEEEEEEEEEEECCCCCCCCCCCCCC,CCCCCCCECCCCEECCCCCECCCCEEEEEEEEEEEECCCCCCCCCCCCCC,50,False
6N37,F,MNFGAFSINPAMMAAAQAALQSSWGMMGMLASQQNQSGPSGNNQNQGNMQ,CCCCCCCBCCCCEECTTCCBCCCCEEEEEEEECCEECCCCCCCCCCCCCC,CCCCCCCECCCCEECCCCCECCCCEEEEEEEECCEECCCCCCCCCCCCCC,50,False
6N37,G,MNFGAFSINPAMMAAAQAALQSSWGMMGMLASQQNQSGPSGNNQNQGNMQ,CCCCCCCBCCCCEECTTCCBCCCCEEEEEEEECCEECCCCCCCCCCCCCC,CCCCCCCECCCCEECCCCCECCCCEEEEEEEECCEECCCCCCCCCCCCCC,50,False
6N37,H,MNFGAFSINPAMMAAAQAALQSSWGMMGMLASQQNQSGPSGNNQNQGNMQ,CCCCCCCBCCCCEECTTCCBCCCCEEEEEEEECCEECCCCCCCCCCCCCC,CCCCCCCECCCCEECCCCCECCCCEEEEEEEECCEECCCCCCCCCCCCCC,50,False
6N37,I,MNFGAFSINPAMMAAAQAALQSSWGMMGMLASQQNQSGPSGNNQNQGNMQ,CCCCCCCBCCCCEECTTCCBCCCCEEEEEEEECCEECCCCCCCCCCCCCC,CCCCCCCECCCCEECCCCCECCCCEEEEEEEECCEECCCCCCCCCCCCCC,50,False
6N37,J,MNFGAFSINPAMMAAAQAALQSSWGMMGMLASQQNQSGPSGNNQNQGNMQ,CCCCCCCBCCCCEECTTCCBCCCCEEEEEEEECCEECCCCCCCCCCCCCC,CCCCCCCECCCCEECCCCCECCCCEEEEEEEECCEECCCCCCCCCCCCCC,50,False
6N3A,A,MNFGAFSINPAMMAAAQAALQSSWGMMGMLASQQNQSGPSGNNQNQGNMQ,CBCSCCEECCEEECCSSEEEEEEEESCEEEEEEEEECCTTCEEEEEEEEC,CECCCCEECCEEECCCCEEEEEEEECCEEEEEEEEECCCCCEEEEEEEEC,50,False
6N3A,B,MNFGAFSINPAMMAAAQAALQSSWGMMGMLASQQNQSGPSGNNQNQGNMQ,CBCSCCEECCEEECCSSEEEEEEEESCEEEEEEEEECCTTCEEEEEEEEC,CECCCCEECCEEECCCCEEEEEEEECCEEEEEEEEECCCCCEEEEEEEEC,50,False
6N3A,C,MNFGAFSINPAMMAAAQAALQSSWGMMGMLASQQNQSGPSGNNQNQGNMQ,CBCSCCEECCEEECCSSEEEEEEEESCEEEEEEEEECCTTCEEEEEEEEC,CECCCCEECCEEECCCCEEEEEEEECCEEEEEEEEECCCCCEEEEEEEEC,50,False
6N3A,D,MNFGAFSINPAMMAAAQAALQSSWGMMGMLASQQNQSGPSGNNQNQGNMQ,CBCSCCEECCEEECCSSEEEEEEEESCEEEEEEEEECCTTCEEEEEEEEC,CECCCCEECCEEECCCCEEEEEEEECCEEEEEEEEECCCCCEEEEEEEEC,50,False
6N3A,E,MNFGAFSINPAMMAAAQAALQSSWGMMGMLASQQNQSGPSGNNQNQGNMQ,CBCSCCEECCEEECCSSEEEEEEEESCEEEEEEEEECCTTCEEEEEEEEC,CECCCCEECCEEECCCCEEEEEEEECCEEEEEEEEECCCCCEEEEEEEEC,50,False
6N3A,F,MNFGAFSINPAMMAAAQAALQSSWGMMGMLASQQNQSGPSGNNQNQGNMQ,CBCSCCEECCEEECCSSEEEEEEEESCEEEEEEEEECCTTCEEEEEEEEC,CECCCCEECCEEECCCCEEEEEEEECCEEEEEEEEECCCCCEEEEEEEEC,50,False
6N3A,G,MNFGAFSINPAMMAAAQAALQSSWGMMGMLASQQNQSGPSGNNQNQGNMQ,CBCSCCEECCEEECCSSEEEEEEEESCEEEEEEEEECCTTCEEEEEEEEC,CECCCCEECCEEECCCCEEEEEEEECCEEEEEEEEECCCCCEEEEEEEEC,50,False
6N3A,H,MNFGAFSINPAMMAAAQAALQSSWGMMGMLASQQNQSGPSGNNQNQGNMQ,CBCSCCEECCEEECCSSEEEEEEEESCEEEEEEEEECCTTCEEEEEEEEC,CECCCCEECCEEECCCCEEEEEEEECCEEEEEEEEECCCCCEEEEEEEEC,50,False
6N3A,I,MNFGAFSINPAMMAAAQAALQSSWGMMGMLASQQNQSGPSGNNQNQGNMQ,CBCSCCEECCEEECCSSEEEEEEEESCEEEEEEEEECCTTCEEEEEEEEC,CECCCCEECCEEECCCCEEEEEEEECCEEEEEEEEECCCCCEEEEEEEEC,50,False
6N3A,J,MNFGAFSINPAMMAAAQAALQSSWGMMGMLASQQNQSGPSGNNQNQGNMQ,CBCSCCEECCEEECCSSEEEEEEEESCEEEEEEEEECCTTCEEEEEEEEC,CECCCCEECCEEECCCCEEEEEEEECCEEEEEEEEECCCCCEEEEEEEEC,50,False
6N3B,A,MNFGAFSINPAMMAAAQAALQSSWGMMGMLASQQNQSGPSGNNQNQGNMQ,CCCEEEEECCEECCCSSCEEEEEECCCCCCBCCCCCCCCCCCCCCCCCCC,CCCEEEEECCEECCCCCCEEEEEECCCCCCECCCCCCCCCCCCCCCCCCC,50,False
6N3B,B,MNFGAFSINPAMMAAAQAALQSSWGMMGMLASQQNQSGPSGNNQNQGNMQ,CCCCEEEECCEEECCTTEEECCCBCCEEEEEEECCEECCCCCCCCCCCCC,CCCCEEEECCEEECCCCEEECCCECCEEEEEEECCEECCCCCCCCCCCCC,50,False
6N3B,C,MNFGAFSINPAMMAAAQAALQSSWGMMGMLASQQNQSGPSGNNQNQGNMQ,CCCEEEEECCEECCCSSCEEEEEECCCCCCBCCCCCCCCCCCCCCCCCCC,CCCEEEEECCEECCCCCCEEEEEECCCCCCECCCCCCCCCCCCCCCCCCC,50,False
6N3B,D,MNFGAFSINPAMMAAAQAALQSSWGMMGMLASQQNQSGPSGNNQNQGNMQ,CCCCEEEECCEEECCTTEEECCCBCCEEEEEEECCEECCCCCCCCCCCCC,CCCCEEEECCEEECCCCEEECCCECCEEEEEEECCEECCCCCCCCCCCCC,50,False
6N3B,E,MNFGAFSINPAMMAAAQAALQSSWGMMGMLASQQNQSGPSGNNQNQGNMQ,CCCEEEEECCEECCCSSCEEEEEECCCCCCBCCCCCCCCCCCCCCCCCCC,CCCEEEEECCEECCCCCCEEEEEECCCCCCECCCCCCCCCCCCCCCCCCC,50,False
6N3B,F,MNFGAFSINPAMMAAAQAALQSSWGMMGMLASQQNQSGPSGNNQNQGNMQ,CCCCEEEECCEEECCTTEEECCCBCCEEEEEEECCEECCCCCCCCCCCCC,CCCCEEEECCEEECCCCEEECCCECCEEEEEEECCEECCCCCCCCCCCCC,50,False
6N3B,G,MNFGAFSINPAMMAAAQAALQSSWGMMGMLASQQNQSGPSGNNQNQGNMQ,CCCEEEEECCEECCCSSCEEEEEECCCCCCBCCCCCCCCCCCCCCCCCCC,CCCEEEEECCEECCCCCCEEEEEECCCCCCECCCCCCCCCCCCCCCCCCC,50,False
6N3B,H,MNFGAFSINPAMMAAAQAALQSSWGMMGMLASQQNQSGPSGNNQNQGNMQ,CCCCEEEECCEEECCTTEEECCCBCCEEEEEEECCEECCCCCCCCCCCCC,CCCCEEEECCEEECCCCEEECCCECCEEEEEEECCEECCCCCCCCCCCCC,50,False
6N3B,I,MNFGAFSINPAMMAAAQAALQSSWGMMGMLASQQNQSGPSGNNQNQGNMQ,CCCEEEEECCEECCCSSCEEEEEECCCCCCBCCCCCCCCCCCCCCCCCCC,CCCEEEEECCEECCCCCCEEEEEECCCCCCECCCCCCCCCCCCCCCCCCC,50,False
6N3B,J,MNFGAFSINPAMMAAAQAALQSSWGMMGMLASQQNQSGPSGNNQNQGNMQ,CCCCEEEECCEEECCTTEEECCCBCCEEEEEEECCEECCCCCCCCCCCCC,CCCCEEEECCEEECCCCEEECCCECCEEEEEEECCEECCCCCCCCCCCCC,50,False
6NFJ,C,PMLPMVPEEPEDLRGHLESDMFSSPLETDSMDPFGLVTGLEAVRSPSFEK,CCCCCCCCCCCCCCCCCCCCCCCCCCCTTSSCSSCCBCCCCCCCCCCCCC,CCCCCCCCCCCCCCCCCCCCCCCCCCCCCCCCCCCCECCCCCCCCCCCCC,50,False
6NFJ,F,PMLPMVPEEPEDLRGHLESDMFSSPLETDSMDPFGLVTGLEAVRSPSFEK,CCCCCCCCCCCCCCCCCCCCCCCCCCCTTSSCTTCCBCCCCCCCCCCCCC,CCCCCCCCCCCCCCCCCCCCCCCCCCCCCCCCCCCCECCCCCCCCCCCCC,50,False
6Q68,B,GSGSGTPAPPAIADLLASVDSEEVRDYCRTKGWIVQEKITKESLERNVNR,CCCCCCCCHHHHHHHHHHHCCHHHHHHHHHHTSSEECCCCSSSEEEECCC,CCCCCCCCHHHHHHHHHHHCCHHHHHHHHHHCCCEECCCCCCCEEEECCC,50,False
6Q68,D,GSGSGTPAPPAIADLLASVDSEEVRDYCRTKGWIVQEKITKESLERNVNR,CCCCCCCCHHHHHHHHHHHCCHHHHHHHHHHTSSCCCCCCSSSEEEECCC,CCCCCCCCHHHHHHHHHHHCCHHHHHHHHHHCCCCCCCCCCCCEEEECCC,50,False
6QBK,A,SYQRIRSDHDSHSCANNRGWCRPTCFSHEYTDWFNNDVCGSYRCCRPGRR,CTTCCCSSSSCCEETTTTEEEESSCCTTEEEESHHHHHHSSSEEEEETTC,CCCCCCCCCCCCEECCCCEEEECCCCCCEEEECHHHHHHCCCEEEEECCC,50,False
6QKP,A,GHMSGSGRGRGAIDREQSAAIREWARRNGHNVSTRGRIPADVIDAYHAAT,CCCCCCCCCCCSSSSCHHHHHHHHHHHHTCCCSTTSSCCHHHHHHHHHHC,CCCCCCCCCCCCCCCCHHHHHHHHHHHHCCCCCCCCCCCHHHHHHHHHHC,50,False
6SPB,3,RELIRLVSSAGTGHFYTTDKNKRTKPEKIEIKKYDPVVRQHVIYKEAKIK,CEEEEEEBSSSSCCEEEEEECTTTCCSCCCCEEEETTTTEEEEBCCCCCC,CEEEEEEECCCCCCEEEEEECCCCCCCCCCCEEEECCCCEEEEECCCCCC,50,False
6SPD,3,RELIRLVSSAGTGHFYTTDKNKRTKPEKIEIKKYDPVVRQHVIYKEAKIK,CEEEEEEESSSCCCEEEEEECTTTCCSCCCCEEEETTTTEEEEEECCCCC,CEEEEEEECCCCCCEEEEEECCCCCCCCCCCEEEECCCCEEEEEECCCCC,50,False
6TME,C,ARGRRYIGYDALKKNNVPCSRRGRSYYDCKKRRRNNPYRRGCSAITHCYR,CCCCCCHHHHTTSTTCCSCCSTTCCTTCCSCCSSCCTTCCCCSCHHHHHC,CCCCCCHHHHCCCCCCCCCCCCCCCCCCCCCCCCCCCCCCCCCCHHHHHC,50,False
6TME,D,ARGRRYIGYDALKKNNVPCSRRGRSYYDCKKRRRNNPYRRGCSAITHCYR,CCCCCCHHHHTTSTTCCSCCSTTSCTTCCSCCSSCCTTCCCCSSHHHHCC,CCCCCCHHHHCCCCCCCCCCCCCCCCCCCCCCCCCCCCCCCCCCHHHHCC,50,False
6TMF,Z,MGQKWKLYEVKGGKVRRKNKFCPRCGPGVFMAEHKDRWSCGRCGYTEWKR,CCCCCCCCEECSSSEECSCCCCTTSCSSCCBCCCSSCCCBSSSCCCCCCC,CCCCCCCCEECCCCEECCCCCCCCCCCCCCECCCCCCCCECCCCCCCCCC,50,False
6UCU,C,MFGLPQQEVSEEEKRAHQEQTEKTLKQAAYVAAFLWVSPMIWHLVKKQWK,CCCCCCCCCCCCCHHHHHHHHHHHHHHHHHHHHHHHHHHHHHHHHHHHCC,CCCCCCCCCCCCCHHHHHHHHHHHHHHHHHHHHHHHHHHHHHHHHHHHCC,50,False
6UCU,K,MFGLPQQEVSEEEKRAHQEQTEKTLKQAAYVAAFLWVSPMIWHLVKKQWK,CCCCCCCCCCCCCHHHHHHHHHHHHHHHHHHHHHHHHHHHHHHHHHHHCC,CCCCCCCCCCCCCHHHHHHHHHHHHHHHHHHHHHHHHHHHHHHHHHHHCC,50,False
6UCV,C,MFGLPQQEVSEEEKRAHQEQTEKTLKQAAYVAAFLWVSPMIWHLVKKQWK,CCCCCCCCCCCCCHHHHHHHHHHHHHHHHHHHHHHHHHHHHHHHHHHHCC,CCCCCCCCCCCCCHHHHHHHHHHHHHHHHHHHHHHHHHHHHHHHHHHHCC,50,False
6UCV,K,MFGLPQQEVSEEEKRAHQEQTEKTLKQAAYVAAFLWVSPMIWHLVKKQWK,CCCCCCCCCCCCCHHHHHHHHHHHHHHHHHHHHHHHHHHHHHHHHHHHCC,CCCCCCCCCCCCCHHHHHHHHHHHHHHHHHHHHHHHHHHHHHHHHHHHCC,50,False
6UCV,c,MFGLPQQEVSEEEKRAHQEQTEKTLKQAAYVAAFLWVSPMIWHLVKKQWK,CCCCCCCCCCCCCHHHHHHHHHHHHHHHHHHHHHHHHHHHHHHHHHHHCC,CCCCCCCCCCCCCHHHHHHHHHHHHHHHHHHHHHHHHHHHHHHHHHHHCC,50,False
6UCV,k,MFGLPQQEVSEEEKRAHQEQTEKTLKQAAYVAAFLWVSPMIWHLVKKQWK,CCCCCCCCCCCCCHHHHHHHHHHHHHHHHHHHHHHHHHHHHHHHHHHHCC,CCCCCCCCCCCCCHHHHHHHHHHHHHHHHHHHHHHHHHHHHHHHHHHHCC,50,False
6WQN,P,MEVFCMVKRTYQPNKRKHSKVHGFRKRMSTKNGRKVLARRRRKGRKVLSA,CCCCCCCCCSCCCCHHHHHHHHCHHHHSSSHHHHHHHHHHHHHTCSCCCC,CCCCCCCCCCCCCCHHHHHHHHCHHHHCCCHHHHHHHHHHHHHCCCCCCC,50,False
6WQQ,P,MEVFCMVKRTYQPNKRKHSKVHGFRKRMSTKNGRKVLARRRRKGRKVLSA,CCCCCCCCCSCCCCHHHHHTTSSHHHHTSSHHHHHHHHHHHHHTCSCSCC,CCCCCCCCCCCCCCHHHHHCCCCHHHHCCCHHHHHHHHHHHHHCCCCCCC,50,False
6WRS,P,MEVFCMVKRTYQPNKRKHSKVHGFRKRMSTKNGRKVLARRRRKGRKVLSA,CCCCCCCCCSCCCCHHHHHTTSSHHHHTTSTTTHHHHHHHHHHTCSCSCC,CCCCCCCCCCCCCCHHHHHCCCCHHHHCCCCCCHHHHHHHHHHCCCCCCC,50,False
6WRU,P,MEVFCMVKRTYQPNKRKHSKVHGFRKRMSTKNGRKVLARRRRKGRKVLSA,CCCCCCCCCSCCCCHHHHHHHHSHHHHTTSHHHHHHHHHHHHHTCSCSCC,CCCCCCCCCCCCCCHHHHHHHHCHHHHCCCHHHHHHHHHHHHHCCCCCCC,50,False
